-- phpMyAdmin SQL Dump
-- version 4.5.4.1deb2ubuntu2.1
-- http://www.phpmyadmin.net
--
-- Host: localhost:3306
-- Generation Time: Dec 04, 2018 at 10:24 AM
-- Server version: 5.7.24-0ubuntu0.16.04.1
-- PHP Version: 7.2.9-1+ubuntu16.04.1+deb.sury.org+1

SET SQL_MODE = "NO_AUTO_VALUE_ON_ZERO";
SET time_zone = "+00:00";


/*!40101 SET @OLD_CHARACTER_SET_CLIENT=@@CHARACTER_SET_CLIENT */;
/*!40101 SET @OLD_CHARACTER_SET_RESULTS=@@CHARACTER_SET_RESULTS */;
/*!40101 SET @OLD_COLLATION_CONNECTION=@@COLLATION_CONNECTION */;
/*!40101 SET NAMES utf8mb4 */;

--
-- Database: `ecommerce_api`
--

-- --------------------------------------------------------

--
-- Table structure for table `migrations`
--

CREATE TABLE `migrations` (
  `id` int(10) UNSIGNED NOT NULL,
  `migration` varchar(255) COLLATE utf8mb4_unicode_ci NOT NULL,
  `batch` int(11) NOT NULL
) ENGINE=InnoDB DEFAULT CHARSET=utf8mb4 COLLATE=utf8mb4_unicode_ci;

--
-- Dumping data for table `migrations`
--

INSERT INTO `migrations` (`id`, `migration`, `batch`) VALUES
(1, '2014_10_12_000000_create_users_table', 1),
(2, '2014_10_12_100000_create_password_resets_table', 1),
(3, '2018_12_02_193348_create_products_table', 1),
(4, '2018_12_02_193412_create_reviews_table', 2),
(5, '2016_06_01_000001_create_oauth_auth_codes_table', 3),
(6, '2016_06_01_000002_create_oauth_access_tokens_table', 3),
(7, '2016_06_01_000003_create_oauth_refresh_tokens_table', 3),
(8, '2016_06_01_000004_create_oauth_clients_table', 3),
(9, '2016_06_01_000005_create_oauth_personal_access_clients_table', 3);

-- --------------------------------------------------------

--
-- Table structure for table `oauth_access_tokens`
--

CREATE TABLE `oauth_access_tokens` (
  `id` varchar(100) COLLATE utf8mb4_unicode_ci NOT NULL,
  `user_id` int(11) DEFAULT NULL,
  `client_id` int(11) NOT NULL,
  `name` varchar(255) COLLATE utf8mb4_unicode_ci DEFAULT NULL,
  `scopes` text COLLATE utf8mb4_unicode_ci,
  `revoked` tinyint(1) NOT NULL,
  `created_at` timestamp NULL DEFAULT NULL,
  `updated_at` timestamp NULL DEFAULT NULL,
  `expires_at` datetime DEFAULT NULL
) ENGINE=InnoDB DEFAULT CHARSET=utf8mb4 COLLATE=utf8mb4_unicode_ci;

--
-- Dumping data for table `oauth_access_tokens`
--

INSERT INTO `oauth_access_tokens` (`id`, `user_id`, `client_id`, `name`, `scopes`, `revoked`, `created_at`, `updated_at`, `expires_at`) VALUES
('f82365347cf15887bbeffef00e6a46cef68c4a741726290cd8e19864282ed5961acff09de6957317', 1, 2, NULL, '[]', 0, '2018-12-04 06:16:22', '2018-12-04 06:16:22', '2019-12-04 08:16:22');

-- --------------------------------------------------------

--
-- Table structure for table `oauth_auth_codes`
--

CREATE TABLE `oauth_auth_codes` (
  `id` varchar(100) COLLATE utf8mb4_unicode_ci NOT NULL,
  `user_id` int(11) NOT NULL,
  `client_id` int(11) NOT NULL,
  `scopes` text COLLATE utf8mb4_unicode_ci,
  `revoked` tinyint(1) NOT NULL,
  `expires_at` datetime DEFAULT NULL
) ENGINE=InnoDB DEFAULT CHARSET=utf8mb4 COLLATE=utf8mb4_unicode_ci;

-- --------------------------------------------------------

--
-- Table structure for table `oauth_clients`
--

CREATE TABLE `oauth_clients` (
  `id` int(10) UNSIGNED NOT NULL,
  `user_id` int(11) DEFAULT NULL,
  `name` varchar(255) COLLATE utf8mb4_unicode_ci NOT NULL,
  `secret` varchar(100) COLLATE utf8mb4_unicode_ci NOT NULL,
  `redirect` text COLLATE utf8mb4_unicode_ci NOT NULL,
  `personal_access_client` tinyint(1) NOT NULL,
  `password_client` tinyint(1) NOT NULL,
  `revoked` tinyint(1) NOT NULL,
  `created_at` timestamp NULL DEFAULT NULL,
  `updated_at` timestamp NULL DEFAULT NULL
) ENGINE=InnoDB DEFAULT CHARSET=utf8mb4 COLLATE=utf8mb4_unicode_ci;

--
-- Dumping data for table `oauth_clients`
--

INSERT INTO `oauth_clients` (`id`, `user_id`, `name`, `secret`, `redirect`, `personal_access_client`, `password_client`, `revoked`, `created_at`, `updated_at`) VALUES
(1, NULL, 'Laravel Personal Access Client', 'zkJChL2MXQEYEKOhAhEtVY3XyI4QLdyCrdYLDLfD', 'http://localhost', 1, 0, 0, '2018-12-04 05:50:02', '2018-12-04 05:50:02'),
(2, NULL, 'Laravel Password Grant Client', 'sZQN5gXjKGbAO1EwUzADMuoXp2Uf5dLajjYyTutc', 'http://localhost', 0, 1, 0, '2018-12-04 05:50:02', '2018-12-04 05:50:02');

-- --------------------------------------------------------

--
-- Table structure for table `oauth_personal_access_clients`
--

CREATE TABLE `oauth_personal_access_clients` (
  `id` int(10) UNSIGNED NOT NULL,
  `client_id` int(11) NOT NULL,
  `created_at` timestamp NULL DEFAULT NULL,
  `updated_at` timestamp NULL DEFAULT NULL
) ENGINE=InnoDB DEFAULT CHARSET=utf8mb4 COLLATE=utf8mb4_unicode_ci;

--
-- Dumping data for table `oauth_personal_access_clients`
--

INSERT INTO `oauth_personal_access_clients` (`id`, `client_id`, `created_at`, `updated_at`) VALUES
(1, 1, '2018-12-04 05:50:02', '2018-12-04 05:50:02');

-- --------------------------------------------------------

--
-- Table structure for table `oauth_refresh_tokens`
--

CREATE TABLE `oauth_refresh_tokens` (
  `id` varchar(100) COLLATE utf8mb4_unicode_ci NOT NULL,
  `access_token_id` varchar(100) COLLATE utf8mb4_unicode_ci NOT NULL,
  `revoked` tinyint(1) NOT NULL,
  `expires_at` datetime DEFAULT NULL
) ENGINE=InnoDB DEFAULT CHARSET=utf8mb4 COLLATE=utf8mb4_unicode_ci;

--
-- Dumping data for table `oauth_refresh_tokens`
--

INSERT INTO `oauth_refresh_tokens` (`id`, `access_token_id`, `revoked`, `expires_at`) VALUES
('cd8f3c9b4ac420b9ffe45477b2a40e752219962522dad3d64311c116def572b2592ec1d090422210', 'f82365347cf15887bbeffef00e6a46cef68c4a741726290cd8e19864282ed5961acff09de6957317', 0, '2019-12-04 08:16:22');

-- --------------------------------------------------------

--
-- Table structure for table `password_resets`
--

CREATE TABLE `password_resets` (
  `email` varchar(255) COLLATE utf8mb4_unicode_ci NOT NULL,
  `token` varchar(255) COLLATE utf8mb4_unicode_ci NOT NULL,
  `created_at` timestamp NULL DEFAULT NULL
) ENGINE=InnoDB DEFAULT CHARSET=utf8mb4 COLLATE=utf8mb4_unicode_ci;

-- --------------------------------------------------------

--
-- Table structure for table `products`
--

CREATE TABLE `products` (
  `id` int(10) UNSIGNED NOT NULL,
  `name` varchar(255) COLLATE utf8mb4_unicode_ci NOT NULL,
  `details` text COLLATE utf8mb4_unicode_ci NOT NULL,
  `price` double NOT NULL,
  `stock` int(11) NOT NULL,
  `discount` double NOT NULL,
  `created_at` timestamp NULL DEFAULT NULL,
  `updated_at` timestamp NULL DEFAULT NULL
) ENGINE=InnoDB DEFAULT CHARSET=utf8mb4 COLLATE=utf8mb4_unicode_ci;

--
-- Dumping data for table `products`
--

INSERT INTO `products` (`id`, `name`, `details`, `price`, `stock`, `discount`, `created_at`, `updated_at`) VALUES
(1, 'incidunt', 'Facere sit magnam eveniet est qui tempora reiciendis nesciunt. Quis id ex voluptates. Architecto in sint ea a quisquam. Cum totam nostrum ut sit repudiandae ipsam sequi eum.', 703, 3, 19, '2018-12-03 06:53:52', '2018-12-03 06:53:52'),
(2, 'qui', 'Exercitationem qui qui perferendis consectetur ea adipisci. Aspernatur eaque itaque fuga odit voluptas quae sit alias. Vero in sint totam fugiat quis. Sed sint laborum nulla dignissimos.', 116, 7, 9, '2018-12-03 06:53:52', '2018-12-03 06:53:52'),
(3, 'omnis', 'Dolores porro nemo est velit dolorem sed. Alias enim omnis similique qui qui numquam commodi. Repellat nesciunt est nisi error soluta libero. Nulla ea adipisci nam corrupti consequuntur laborum omnis velit. Est sed ut aut qui suscipit sit molestias incidunt.', 469, 5, 29, '2018-12-03 06:53:52', '2018-12-03 06:53:52'),
(4, 'quis', 'Ullam perferendis expedita qui et sequi voluptatum accusantium. Sunt rerum cupiditate odio voluptatum rerum excepturi. Molestias asperiores quo optio vel. Aliquam est cumque fugiat dolor labore.', 782, 8, 20, '2018-12-03 06:53:52', '2018-12-03 06:53:52'),
(5, 'aut', 'Consequatur ab optio qui repellendus animi. Consequatur animi asperiores molestiae consequatur suscipit ut.', 466, 9, 26, '2018-12-03 06:53:52', '2018-12-03 06:53:52'),
(6, 'ut', 'Est nemo et fugiat voluptate autem ea. Quam explicabo porro illum omnis id. Necessitatibus similique est et numquam doloribus. Minus doloribus accusantium corrupti labore magni a beatae.', 660, 9, 28, '2018-12-03 06:53:52', '2018-12-03 06:53:52'),
(7, 'ut', 'Deserunt quasi nihil consequuntur voluptas. Vero sit rerum perferendis. Perferendis quasi rem asperiores eum error. Quibusdam suscipit commodi rerum laboriosam.', 931, 5, 26, '2018-12-03 06:53:53', '2018-12-03 06:53:53'),
(8, 'placeat', 'Eum quis harum quod saepe velit doloremque omnis. Animi quo reprehenderit quas expedita sint. Dicta nihil voluptatem dolor sint dolorem quidem. Molestiae iusto eligendi voluptas.', 597, 4, 24, '2018-12-03 06:53:53', '2018-12-03 06:53:53'),
(9, 'iusto', 'Quod architecto atque est. Et consequuntur laudantium consequuntur et. Excepturi dolorem excepturi itaque ad. Ex rerum nam est cumque.', 997, 9, 19, '2018-12-03 06:53:53', '2018-12-03 06:53:53'),
(10, 'accusamus', 'Dolor a iusto et. Vel recusandae non nam. Soluta voluptatum suscipit itaque id. Quis unde in nihil.', 411, 3, 27, '2018-12-03 06:53:53', '2018-12-03 06:53:53'),
(11, 'delectus', 'Quo quisquam nihil quia rerum. Ab sed animi est cum omnis. Asperiores est sequi possimus et excepturi quo sit. Impedit odit iste deserunt.', 220, 1, 21, '2018-12-03 06:53:53', '2018-12-03 06:53:53'),
(12, 'harum', 'Amet aut id quo deleniti illum quia aspernatur. Occaecati quia quos cumque quas aut rerum. Atque sunt rerum asperiores.', 115, 0, 7, '2018-12-03 06:53:53', '2018-12-03 06:53:53'),
(13, 'explicabo', 'Similique quia repellendus neque aperiam modi dolorem et. Laborum quis aut praesentium et suscipit distinctio. Exercitationem et quidem autem ratione minima corrupti eligendi.', 862, 3, 26, '2018-12-03 06:53:53', '2018-12-03 06:53:53'),
(14, 'ratione', 'Quam eveniet consequatur consequatur laborum quam maxime. Quis aut quae porro quia. Qui aspernatur ut voluptatem nam. Reprehenderit commodi ut autem.', 401, 2, 22, '2018-12-03 06:53:53', '2018-12-03 06:53:53'),
(15, 'culpa', 'Dolorum voluptas voluptate autem nihil ea architecto. Porro voluptas repellendus est voluptatem saepe. Culpa voluptatum illum ut accusantium repudiandae inventore. Ipsam assumenda voluptas vero. Minima quos voluptas sint consequatur repellat et modi repudiandae.', 417, 4, 29, '2018-12-03 06:53:53', '2018-12-03 06:53:53'),
(16, 'beatae', 'Quasi iure vitae ad officiis dolorem distinctio eveniet. Harum reiciendis pariatur natus voluptas corrupti incidunt. Accusantium distinctio consequatur aliquid voluptatum commodi voluptas.', 447, 2, 8, '2018-12-03 06:53:53', '2018-12-03 06:53:53'),
(17, 'facere', 'Ratione pariatur optio deserunt doloremque sit. Minima quo enim praesentium aut doloremque voluptatibus rerum. Facilis quo voluptas laudantium qui et nihil repellendus. Et deserunt laboriosam a nisi voluptatem.', 220, 6, 28, '2018-12-03 06:53:53', '2018-12-03 06:53:53'),
(18, 'laudantium', 'Sit veniam animi harum qui sed. Hic iusto quos ex sint et quia dolores. Ut quidem et a ratione. Qui illum ullam optio velit maxime molestiae.', 965, 7, 15, '2018-12-03 06:53:53', '2018-12-03 06:53:53'),
(19, 'iure', 'Totam aut sit a aut. Qui quia libero consequatur. Laudantium iure fugiat assumenda animi nihil facere quam. Incidunt quod molestiae deleniti saepe quos reprehenderit aperiam.', 222, 3, 13, '2018-12-03 06:53:53', '2018-12-03 06:53:53'),
(20, 'in', 'Fugiat ipsa maiores dolores nostrum eos ut enim. Nulla sunt enim non nobis ut veritatis. Dolorum rerum quos a minus dolorem sit. Numquam consectetur nam odio officiis et aut possimus.', 737, 7, 30, '2018-12-03 06:53:53', '2018-12-03 06:53:53'),
(21, 'est', 'Ipsum error velit rerum quis eligendi magnam. Aut consequuntur et voluptatibus vero adipisci hic. Accusamus error corporis excepturi sed numquam quo.', 778, 6, 29, '2018-12-03 06:53:53', '2018-12-03 06:53:53'),
(22, 'placeat', 'Modi inventore amet non dolores et. Laborum eaque quia vero harum natus neque. Quasi qui accusamus officia voluptatum sit placeat.', 828, 4, 20, '2018-12-03 06:53:53', '2018-12-03 06:53:53'),
(23, 'eveniet', 'Natus incidunt aperiam et dolores molestias quam quos nihil. Tempora molestias ut vitae suscipit.', 201, 3, 26, '2018-12-03 06:53:53', '2018-12-03 06:53:53'),
(24, 'labore', 'Qui sapiente omnis qui repellat sed. Ipsum neque sit iure dolor omnis. Earum quisquam vero et sed aut nobis rerum similique.', 316, 9, 17, '2018-12-03 06:53:53', '2018-12-03 06:53:53'),
(25, 'porro', 'Ut magni doloremque magnam temporibus et rerum soluta. Laborum libero sed repellat nihil cupiditate. Quis veniam modi est quia perferendis ipsum.', 550, 6, 14, '2018-12-03 06:53:53', '2018-12-03 06:53:53'),
(26, 'ea', 'Maxime fugiat rerum qui voluptatem voluptatibus culpa facilis. Molestias quia illum esse molestiae nihil deserunt mollitia. Tenetur repudiandae atque asperiores inventore odio hic qui.', 921, 3, 5, '2018-12-03 06:53:53', '2018-12-03 06:53:53'),
(27, 'vero', 'Veniam dignissimos in cupiditate voluptatem ea enim. Dolores dolorem tempora eum cumque. Maxime similique corporis in officia aliquam. Deleniti aut fugiat dolorem ratione sed.', 591, 8, 26, '2018-12-03 06:53:54', '2018-12-03 06:53:54'),
(28, 'provident', 'Ea occaecati voluptas eaque porro magni qui. Reprehenderit aut omnis placeat ipsam repellat expedita et. Consequatur id occaecati fugiat excepturi sunt sed. Officiis aperiam doloremque facere officia voluptatibus velit ut. Sint et sed perferendis voluptas ut.', 176, 8, 28, '2018-12-03 06:53:54', '2018-12-03 06:53:54'),
(29, 'itaque', 'Voluptas officia sapiente autem repudiandae. Sunt harum vel ipsam accusantium praesentium. Culpa labore doloremque numquam at animi autem.', 479, 1, 16, '2018-12-03 06:53:54', '2018-12-03 06:53:54'),
(30, 'modi', 'Doloremque id minus iste rem laborum enim rem. Eum omnis et voluptas et.', 822, 0, 22, '2018-12-03 06:53:54', '2018-12-03 06:53:54'),
(31, 'placeat', 'Est sint ipsam quos aut. Explicabo fugit et sunt expedita consequatur excepturi. Accusantium dolore quidem perferendis est. Illo facilis cum architecto aut quia laboriosam. Quam quis dolore aliquam nisi nemo et voluptatem dolores.', 736, 8, 7, '2018-12-03 06:53:54', '2018-12-03 06:53:54'),
(32, 'omnis', 'Quasi qui adipisci numquam error omnis tempora rerum. Fugit consequatur explicabo dolores rerum quo. Provident asperiores illo quo fugiat et neque. Officiis praesentium quia sequi et. Ratione deserunt sed quisquam voluptatem accusantium.', 627, 6, 4, '2018-12-03 06:53:54', '2018-12-03 06:53:54'),
(33, 'voluptas', 'Corporis enim odio voluptates qui et vero. Eligendi earum esse est repellat.', 400, 3, 10, '2018-12-03 06:53:54', '2018-12-03 06:53:54'),
(34, 'quod', 'Asperiores molestiae distinctio blanditiis odio aut. Ducimus sunt numquam consequatur qui voluptatem dolor. Laboriosam sunt neque est fuga nisi.', 416, 6, 2, '2018-12-03 06:53:54', '2018-12-03 06:53:54'),
(35, 'id', 'Enim rerum dolorem omnis reprehenderit ipsum. Sunt excepturi neque dolorum molestiae. Officiis consequatur consequuntur totam quia amet saepe.', 937, 5, 26, '2018-12-03 06:53:54', '2018-12-03 06:53:54'),
(36, 'pariatur', 'Explicabo dolorum praesentium esse aliquid nihil quia. Qui expedita veritatis ipsam aut. Mollitia cupiditate odit omnis voluptatem sit et.', 432, 4, 26, '2018-12-03 06:53:54', '2018-12-03 06:53:54'),
(37, 'iusto', 'Omnis architecto alias tempora hic quae voluptatem. Ut qui veniam accusamus modi quo et.', 270, 1, 23, '2018-12-03 06:53:54', '2018-12-03 06:53:54'),
(38, 'quo', 'Ipsa atque molestias maiores nam harum vitae quisquam. Saepe est voluptatem quia dolorum corporis placeat.', 266, 4, 21, '2018-12-03 06:53:54', '2018-12-03 06:53:54'),
(39, 'excepturi', 'Eos numquam sequi qui. Qui itaque quia aut velit quo aut. Id vero qui rem voluptas aut eum ut. Earum maiores dolore nobis accusamus et sit.', 777, 5, 24, '2018-12-03 06:53:54', '2018-12-03 06:53:54'),
(40, 'ullam', 'Est cupiditate atque tempora corrupti accusantium in maxime. Odio consequuntur aperiam consequuntur voluptate perspiciatis voluptatem. Culpa ab sed velit hic cum accusantium qui similique. Pariatur consequatur id eligendi ut sed.', 706, 1, 10, '2018-12-03 06:53:54', '2018-12-03 06:53:54'),
(41, 'rerum', 'Hic velit voluptatibus molestiae magni sunt odit. Tempora natus commodi cumque ut excepturi saepe. Tempore id voluptatem exercitationem qui.', 481, 4, 4, '2018-12-03 06:53:54', '2018-12-03 06:53:54'),
(42, 'quasi', 'Et sapiente repellendus et alias eius est. Voluptatibus repellat enim similique error. Ex eum voluptatem aperiam laboriosam et sunt. Voluptatem qui quidem aut odit.', 907, 0, 16, '2018-12-03 06:53:54', '2018-12-03 06:53:54'),
(43, 'cum', 'Repellendus repellendus impedit eveniet aspernatur soluta quia. Quia mollitia repellendus dolores consectetur. Velit rerum corporis exercitationem beatae a inventore placeat.', 554, 9, 15, '2018-12-03 06:53:54', '2018-12-03 06:53:54'),
(44, 'quod', 'Assumenda assumenda temporibus nesciunt omnis sapiente asperiores corrupti. Dolore iusto ipsam debitis. Sit ullam incidunt magnam delectus consequatur. Numquam totam quibusdam vitae et.', 619, 0, 6, '2018-12-03 06:53:54', '2018-12-03 06:53:54'),
(45, 'occaecati', 'Incidunt saepe a pariatur aut omnis dolores quae nihil. Temporibus pariatur sed officia qui voluptatem debitis autem. Perspiciatis et dolorem optio.', 317, 1, 14, '2018-12-03 06:53:54', '2018-12-03 06:53:54'),
(46, 'aspernatur', 'Voluptatem quas eaque tempore dolore ut dolores. Non quod rerum in nostrum quo blanditiis vel commodi. Molestiae et doloremque voluptatum.', 307, 5, 12, '2018-12-03 06:53:54', '2018-12-03 06:53:54'),
(47, 'eum', 'Rerum voluptatem accusamus vel. Consequatur saepe qui iusto ipsum nulla occaecati eum. Perspiciatis possimus vel odit modi ducimus et. Expedita tempora quas aspernatur est et.', 202, 4, 7, '2018-12-03 06:53:54', '2018-12-03 06:53:54'),
(48, 'consectetur', 'Inventore aut qui harum perspiciatis modi illo. Quibusdam non ut ducimus ipsum quam. Ut aspernatur voluptate voluptatibus earum exercitationem. Qui laborum neque sed nobis est dolor aspernatur. Tempora eos rerum modi sit accusamus rerum.', 247, 0, 19, '2018-12-03 06:53:54', '2018-12-03 06:53:54'),
(49, 'architecto', 'Dolor quidem aliquid ut aut deleniti. Sunt quia iure facere laudantium aut. Asperiores repellat autem placeat commodi.', 220, 4, 9, '2018-12-03 06:53:54', '2018-12-03 06:53:54'),
(50, 'omnis', 'Eveniet sed molestiae delectus nam non optio. Repellat voluptatem nisi iure iste reprehenderit natus fuga. Est aliquid qui et aut praesentium qui qui consequatur.', 739, 7, 24, '2018-12-03 06:53:54', '2018-12-03 06:53:54'),
(51, 'maxime', 'Recusandae accusantium sed quia modi explicabo voluptatem aut. Sunt voluptas aut impedit distinctio eaque. Ratione harum voluptatem incidunt saepe illo. Labore voluptas et porro enim quis harum.', 358, 2, 11, '2018-12-03 06:54:40', '2018-12-03 06:54:40'),
(52, 'cupiditate', 'Eum ut voluptatum impedit pariatur et harum ipsam quis. Labore voluptas dolor sit dolorem accusantium. Quia et atque consequuntur dolores atque.', 203, 6, 19, '2018-12-03 06:54:41', '2018-12-03 06:54:41'),
(53, 'quaerat', 'Laudantium recusandae recusandae velit at tenetur doloribus voluptatem. Aut alias molestiae velit officia. Similique deserunt dolores deserunt alias quidem dolor. Voluptates adipisci aut dolores quasi et dicta quibusdam.', 395, 8, 26, '2018-12-03 06:54:41', '2018-12-03 06:54:41'),
(54, 'qui', 'Ut exercitationem unde cum. Quam iste accusantium non quo dolor similique. Ea maiores et velit. Suscipit dolorum delectus ea odio et.', 255, 9, 15, '2018-12-03 06:54:41', '2018-12-03 06:54:41'),
(55, 'ipsa', 'Ipsa fugit et fuga placeat dolorem minus. Nihil architecto rem et laborum et. Sed quo dolor magni ea cum enim aut rem. Id eos quidem quia ipsum vitae quia molestiae. Ducimus in consectetur repellat voluptas architecto voluptatem.', 673, 9, 5, '2018-12-03 06:54:41', '2018-12-03 06:54:41'),
(56, 'atque', 'Et quia ut voluptatem ut dolores velit et. Neque distinctio et facere sequi fugiat voluptate voluptas quod. Possimus ut dolores atque alias qui quo in quidem.', 762, 6, 23, '2018-12-03 06:54:41', '2018-12-03 06:54:41'),
(57, 'facilis', 'Et ullam qui officiis omnis est nobis. Ea alias consequatur adipisci quo ducimus. Amet iure molestiae labore dolor rerum unde nemo.', 883, 0, 12, '2018-12-03 06:54:41', '2018-12-03 06:54:41'),
(58, 'est', 'Cumque est est qui. Ipsa deserunt qui est magni repellat rerum quia. Voluptas facere repudiandae minima non. Sapiente aut dolore doloribus rerum impedit explicabo.', 248, 4, 16, '2018-12-03 06:54:41', '2018-12-03 06:54:41'),
(59, 'similique', 'Rem reprehenderit eveniet et quo sit velit. Et inventore assumenda quod illum et dignissimos recusandae eos. Nemo aut est omnis cum eum.', 667, 5, 18, '2018-12-03 06:54:41', '2018-12-03 06:54:41'),
(60, 'eaque', 'Nulla et voluptatem sunt ipsa eum ut. Non voluptatem molestiae id consectetur. Error vel cupiditate magnam perferendis sunt nostrum. Repellendus voluptate dolore quia asperiores quisquam similique.', 617, 7, 10, '2018-12-03 06:54:41', '2018-12-03 06:54:41'),
(61, 'et', 'Mollitia praesentium voluptas consequuntur. Velit fugit nostrum omnis nostrum ut molestias. Quidem repellendus dolor nemo reiciendis voluptate voluptatem aperiam.', 983, 3, 3, '2018-12-03 06:54:41', '2018-12-03 06:54:41'),
(62, 'molestias', 'Doloribus ullam tempore et officiis sed ad sunt. At eos commodi dolores dolorem totam quis. Eum distinctio numquam officia dolor at id optio.', 348, 2, 15, '2018-12-03 06:54:41', '2018-12-03 06:54:41'),
(63, 'earum', 'Tempore et voluptates et debitis laudantium in nobis quae. Ea odio quod et doloribus ad. Totam dicta dolores vero est fugiat aut. Ratione voluptatem quo dolorum sed nemo.', 601, 5, 22, '2018-12-03 06:54:41', '2018-12-03 06:54:41'),
(64, 'consequatur', 'Quia voluptatem sapiente pariatur tenetur aut animi dolorem. Vero rerum autem asperiores mollitia consectetur omnis voluptates. Necessitatibus et aut qui delectus dolor voluptatem voluptas. Voluptate voluptatem dolorem soluta neque repellat quibusdam laboriosam ipsa.', 439, 8, 9, '2018-12-03 06:54:41', '2018-12-03 06:54:41'),
(65, 'quasi', 'Dolorem deserunt et aut natus distinctio maxime. Magni illum quo blanditiis vel. Laborum molestiae voluptas dolores pariatur sequi voluptatem et enim.', 719, 4, 10, '2018-12-03 06:54:41', '2018-12-03 06:54:41'),
(66, 'reiciendis', 'Doloribus aut enim corporis minus. Aut nisi velit consequuntur quasi accusamus quidem et. Laudantium pariatur doloremque id sint.', 990, 9, 27, '2018-12-03 06:54:41', '2018-12-03 06:54:41'),
(67, 'deleniti', 'Ducimus adipisci quia asperiores voluptatem minus consequatur nam. Animi voluptatem nobis qui voluptatem labore. Corrupti est quo et illo aut ea. Officia qui consequatur sit totam.', 534, 5, 12, '2018-12-03 06:54:41', '2018-12-03 06:54:41'),
(68, 'aperiam', 'Ut quis porro molestiae et voluptatem eligendi. Dicta ea vitae at nostrum. Ut voluptate sit illum. Voluptatibus est aut perferendis doloremque.', 907, 8, 30, '2018-12-03 06:54:41', '2018-12-03 06:54:41'),
(69, 'et', 'Eius sed inventore quidem et est est eius voluptas. Itaque et ullam architecto. Saepe excepturi ut quo rerum architecto saepe.', 689, 6, 24, '2018-12-03 06:54:41', '2018-12-03 06:54:41'),
(70, 'minima', 'Nemo provident vero amet quae architecto. Ut rerum et praesentium eveniet harum sint. Et aperiam aut quia eos. Non aliquid assumenda eos in totam eligendi in.', 135, 1, 24, '2018-12-03 06:54:41', '2018-12-03 06:54:41'),
(71, 'rerum', 'Consectetur magnam occaecati in libero dolorem quas. Voluptas cum voluptatem magni id corporis qui possimus qui. Voluptas tempora deserunt occaecati eius. Et molestiae quis libero non necessitatibus.', 914, 7, 15, '2018-12-03 06:54:41', '2018-12-03 06:54:41'),
(72, 'sint', 'Repellendus velit enim vel eum dolorem saepe earum earum. Illum placeat eligendi illum in dolor reprehenderit. Maiores nostrum enim ut necessitatibus provident molestias illo.', 166, 2, 30, '2018-12-03 06:54:41', '2018-12-03 06:54:41'),
(73, 'suscipit', 'Quas iure aut vitae dolorem voluptatem. Voluptas iste repellat et et officiis consequatur. Qui possimus voluptatum amet vero labore.', 381, 9, 11, '2018-12-03 06:54:41', '2018-12-03 06:54:41'),
(74, 'similique', 'Autem incidunt qui et. Molestiae quo quo itaque omnis maiores reiciendis omnis.', 631, 8, 14, '2018-12-03 06:54:42', '2018-12-03 06:54:42'),
(75, 'maiores', 'Dignissimos eligendi eos ut qui totam voluptatibus. Facere quae qui earum et ut dolorem et eum. Neque molestias voluptas qui sequi consequatur. Possimus facilis eaque quaerat quia quasi illum maxime.', 368, 7, 22, '2018-12-03 06:54:42', '2018-12-03 06:54:42'),
(76, 'velit', 'Nihil facere doloremque fugit. Eos incidunt quidem aut aut id sit. Consequatur nam sed aliquam et dignissimos. Provident fugiat deleniti dolorum ullam.', 648, 1, 18, '2018-12-03 06:54:42', '2018-12-03 06:54:42'),
(77, 'odit', 'Doloribus aliquid eius est occaecati. Tenetur voluptatem possimus nihil nesciunt sit dolore consequatur. Sapiente qui dignissimos inventore id.', 819, 8, 16, '2018-12-03 06:54:42', '2018-12-03 06:54:42'),
(78, 'sed', 'Culpa occaecati rerum ratione sint ad numquam sed. Qui animi aut consequatur reiciendis est rerum. Et rerum rerum vitae pariatur nam quae consequatur.', 264, 9, 17, '2018-12-03 06:54:42', '2018-12-03 06:54:42'),
(79, 'enim', 'Eum at ipsa aliquam quia dolore. Pariatur laboriosam id ut eveniet accusamus consequuntur qui soluta. Possimus aut quis est sed. Hic expedita est aut ducimus voluptas qui.', 134, 4, 25, '2018-12-03 06:54:42', '2018-12-03 06:54:42'),
(80, 'nemo', 'Optio quod totam pariatur esse consequatur. Ea adipisci earum molestiae libero quo. Expedita tenetur quia distinctio magnam.', 726, 8, 9, '2018-12-03 06:54:42', '2018-12-03 06:54:42'),
(81, 'corporis', 'Voluptas sequi at qui quasi et ut dolores voluptas. Delectus doloribus amet neque fugiat. Doloribus quas molestiae mollitia et architecto.', 332, 7, 17, '2018-12-03 06:54:42', '2018-12-03 06:54:42'),
(82, 'earum', 'Sapiente officia hic aut sequi porro reiciendis rem. Cumque sunt adipisci in molestiae iusto voluptate ipsum. Nesciunt cupiditate nisi asperiores atque itaque. Maiores et voluptas vel.', 475, 3, 20, '2018-12-03 06:54:42', '2018-12-03 06:54:42'),
(83, 'perferendis', 'Blanditiis quisquam tempora eligendi ipsa. Veniam temporibus dolore vero exercitationem. Enim nisi sapiente ipsa ex.', 564, 0, 14, '2018-12-03 06:54:42', '2018-12-03 06:54:42'),
(84, 'soluta', 'Facilis cupiditate quis est cumque cum. Rerum aut sit dolor doloribus animi. Sint occaecati repellendus nam ut excepturi non sit. Labore quia in est laboriosam.', 627, 9, 13, '2018-12-03 06:54:42', '2018-12-03 06:54:42'),
(85, 'beatae', 'Sequi quia itaque omnis. Dolor delectus fuga reiciendis error. Nobis consequatur est cum id quo.', 230, 5, 9, '2018-12-03 06:54:42', '2018-12-03 06:54:42'),
(86, 'est', 'Beatae atque vel autem vel voluptatum corrupti. Ut libero dolores modi. Nesciunt in enim recusandae repellat molestiae ipsum amet rem. Vel sit sed saepe.', 981, 8, 18, '2018-12-03 06:54:42', '2018-12-03 06:54:42'),
(87, 'iure', 'Itaque voluptatem similique quis aut magni facere dicta. Explicabo in dicta sed aut voluptates. Ea hic voluptatum maxime pariatur a.', 260, 6, 11, '2018-12-03 06:54:42', '2018-12-03 06:54:42'),
(88, 'quasi', 'A consequatur dolores beatae sed saepe et quidem. Placeat et voluptatem veritatis ipsum. Sit eos et nulla.', 653, 3, 14, '2018-12-03 06:54:42', '2018-12-03 06:54:42'),
(89, 'sequi', 'Veniam voluptatum perferendis veritatis sequi ipsam iure. Harum ut ullam quam qui.', 119, 1, 16, '2018-12-03 06:54:42', '2018-12-03 06:54:42'),
(90, 'quo', 'Voluptas sunt fugit placeat omnis possimus aut velit. Et similique distinctio est reprehenderit et. Sit ut amet nobis et consequatur est vitae. Voluptatibus iste quia minus vel repudiandae consequuntur qui.', 789, 6, 25, '2018-12-03 06:54:42', '2018-12-03 06:54:42'),
(91, 'saepe', 'Facere est qui ipsa sed et sed tenetur. Sequi qui esse suscipit recusandae optio et quis. Nemo aut suscipit dolorem.', 384, 1, 27, '2018-12-03 06:54:42', '2018-12-03 06:54:42'),
(92, 'ut', 'Id in commodi exercitationem odit atque ducimus rerum. Beatae nulla incidunt ut soluta quam. Est suscipit et modi rerum.', 817, 1, 15, '2018-12-03 06:54:42', '2018-12-03 06:54:42'),
(93, 'omnis', 'Aut velit non est aut similique molestiae. Exercitationem ut non consequatur earum earum quod quasi. Ullam non enim consequatur sunt molestiae. Rem odio dolor repellat beatae facilis itaque.', 202, 2, 2, '2018-12-03 06:54:42', '2018-12-03 06:54:42'),
(94, 'et', 'Quos vel repellendus sit facere aspernatur corporis alias. Inventore nihil nulla doloribus dignissimos laboriosam quibusdam. Quod dolor dolores quaerat omnis et nihil. Est dolor sed assumenda doloremque.', 330, 6, 3, '2018-12-03 06:54:42', '2018-12-03 06:54:42'),
(95, 'cumque', 'Voluptatem quae nisi quia in autem nihil mollitia. Eveniet repellat tempore et saepe reiciendis.', 458, 6, 10, '2018-12-03 06:54:43', '2018-12-03 06:54:43'),
(96, 'doloribus', 'Tempore molestiae unde aliquam illum error laboriosam aliquam. Dolor non laboriosam et qui quod. Ab rerum illum quidem numquam et distinctio voluptatem.', 962, 3, 12, '2018-12-03 06:54:43', '2018-12-03 06:54:43'),
(97, 'rerum', 'Nobis maxime et aliquid quasi enim officiis. Quam sunt delectus expedita distinctio aut voluptas. Incidunt doloribus nemo sunt velit. Deserunt dolorum sed voluptatem aut ducimus.', 949, 4, 9, '2018-12-03 06:54:43', '2018-12-03 06:54:43'),
(98, 'iste', 'Itaque et provident aut est error rem cum. Nihil earum in aut odit assumenda.', 841, 0, 28, '2018-12-03 06:54:43', '2018-12-03 06:54:43'),
(99, 'laudantium', 'Rerum placeat tenetur delectus et quasi error. Incidunt officiis debitis est et nisi ipsa. Eius sed voluptas quos. Dolorum aut dolore corrupti voluptate nostrum.', 522, 6, 9, '2018-12-03 06:54:43', '2018-12-03 06:54:43'),
(100, 'deleniti', 'Ut deserunt doloremque et corrupti at et reprehenderit. Exercitationem quod quam tempore alias assumenda recusandae. Sint aut officia quia ipsam atque alias quis omnis.', 127, 4, 28, '2018-12-03 06:54:43', '2018-12-03 06:54:43'),
(101, 'velit', 'Illo quas minus doloribus praesentium debitis dolores fuga. Id dolorem illum numquam ex quo eligendi. Aut pariatur fugiat quo ad voluptas autem. Ipsum culpa hic dignissimos vel voluptate dolorem tempore.', 271, 9, 24, '2018-12-03 06:55:54', '2018-12-03 06:55:54'),
(102, 'doloremque', 'Saepe et tempora quam quas. Nostrum nemo rerum voluptates recusandae harum. Inventore corporis incidunt qui dolorem. Incidunt fugit odio corporis.', 834, 9, 25, '2018-12-03 06:55:54', '2018-12-03 06:55:54'),
(103, 'maiores', 'Voluptas tempore eaque illum quia. Ducimus reprehenderit veritatis id temporibus possimus. Quis culpa et sit cum aut alias. Voluptas et sint sed accusamus similique fugit. Nihil totam facere optio eum excepturi labore.', 479, 8, 20, '2018-12-03 06:55:54', '2018-12-03 06:55:54'),
(104, 'et', 'Error corporis tenetur voluptas. Qui assumenda saepe minima quidem. Porro modi in libero nemo.', 790, 7, 26, '2018-12-03 06:55:54', '2018-12-03 06:55:54'),
(105, 'quibusdam', 'Consequuntur recusandae reprehenderit nihil aliquam maxime quod aut. Rem et est dolore soluta qui quaerat. Quo id et repellat libero voluptas.', 869, 7, 9, '2018-12-03 06:55:54', '2018-12-03 06:55:54'),
(106, 'iure', 'Architecto unde aut distinctio id rerum ea. Aut at mollitia dolore perferendis ab qui. Reiciendis et est et odio dolorum rerum suscipit repellat. Molestiae molestiae adipisci nesciunt aliquid est. Non quidem laborum ut.', 794, 6, 26, '2018-12-03 06:55:54', '2018-12-03 06:55:54'),
(107, 'qui', 'Ipsa reiciendis ut atque ea officiis omnis consequatur ex. Dolore sint soluta aut.', 279, 5, 27, '2018-12-03 06:55:54', '2018-12-03 06:55:54'),
(108, 'odio', 'Rerum est nostrum ea excepturi repellendus voluptate. Natus enim est repudiandae dignissimos veniam aut fugit. Temporibus veniam provident velit qui distinctio maiores qui. Et iusto molestiae et sint optio laudantium ut.', 532, 5, 7, '2018-12-03 06:55:54', '2018-12-03 06:55:54'),
(109, 'eum', 'Odit rerum libero quaerat culpa. Porro numquam sunt similique asperiores. Nostrum fugit qui commodi ipsam iusto natus. Ex dolores maiores odio beatae provident quibusdam nesciunt. Maiores consequatur minus quaerat et et.', 520, 3, 20, '2018-12-03 06:55:54', '2018-12-03 06:55:54'),
(110, 'non', 'Asperiores atque beatae voluptas quia beatae adipisci. Repudiandae qui quia aut tenetur neque. Reprehenderit enim error laborum dolorum minima sed est voluptate.', 487, 5, 17, '2018-12-03 06:55:54', '2018-12-03 06:55:54'),
(111, 'omnis', 'Placeat quia reiciendis culpa fugiat architecto dolores. Architecto explicabo consequatur autem dolor minus. Possimus debitis repellendus facilis enim omnis debitis. Quo totam incidunt sunt ratione hic.', 406, 7, 22, '2018-12-03 06:55:54', '2018-12-03 06:55:54'),
(112, 'consequatur', 'Eius voluptatem perferendis tenetur facilis doloremque ipsum sit. Qui consequatur odio est vel pariatur omnis. Tempora earum sint voluptatem molestiae. Et deleniti velit mollitia possimus voluptatem ipsa.', 935, 7, 17, '2018-12-03 06:55:54', '2018-12-03 06:55:54'),
(113, 'perspiciatis', 'Facilis ut officia odit quaerat dolores quia maiores. Inventore distinctio et quia tempore pariatur. Similique et est deleniti a et doloribus.', 193, 6, 7, '2018-12-03 06:55:54', '2018-12-03 06:55:54'),
(114, 'vel', 'Quis doloribus velit cum impedit aut. Eaque excepturi eos et ducimus quia eveniet sed.', 716, 1, 30, '2018-12-03 06:55:54', '2018-12-03 06:55:54'),
(115, 'ullam', 'Molestiae recusandae explicabo officia atque illum vel reprehenderit. Harum delectus necessitatibus quos animi rerum non optio. Deserunt molestiae explicabo unde. Quis et quae voluptatem aut aut.', 952, 2, 12, '2018-12-03 06:55:55', '2018-12-03 06:55:55'),
(116, 'iusto', 'Eum corrupti perferendis porro nobis perspiciatis inventore incidunt. Exercitationem omnis ut laudantium vel sequi qui maiores.', 721, 9, 6, '2018-12-03 06:55:55', '2018-12-03 06:55:55'),
(117, 'sapiente', 'Quaerat eveniet debitis officia maiores explicabo adipisci et. Ea molestiae impedit ea atque consequatur. Eos tempore quo quis ullam aliquid. Quia minus sequi incidunt asperiores.', 447, 8, 6, '2018-12-03 06:55:55', '2018-12-03 06:55:55'),
(118, 'nisi', 'Sapiente odit cum et eos eaque expedita est. Labore excepturi qui ut incidunt aut rerum. Assumenda qui sit reiciendis non fuga.', 782, 1, 15, '2018-12-03 06:55:55', '2018-12-03 06:55:55'),
(119, 'nesciunt', 'Aut porro aut quibusdam dolor illo modi cumque. Nihil est et sed ut est similique. Illum explicabo consequatur ut esse temporibus aut reprehenderit. Molestiae totam numquam voluptatem doloribus nemo.', 610, 5, 5, '2018-12-03 06:55:55', '2018-12-03 06:55:55'),
(120, 'dolorum', 'Rerum veniam modi veniam libero quia delectus nesciunt. Cum accusamus cupiditate corporis sed impedit magnam blanditiis quae.', 104, 9, 23, '2018-12-03 06:55:55', '2018-12-03 06:55:55'),
(121, 'ut', 'Necessitatibus dolorem quisquam voluptas laudantium perferendis doloribus. Debitis autem iusto est officiis distinctio sunt dolorum magnam. Consequatur voluptates quasi quo qui non ipsum eveniet. Quis eos quidem quo dignissimos non.', 958, 0, 29, '2018-12-03 06:55:55', '2018-12-03 06:55:55'),
(122, 'quisquam', 'Quia sit velit nam ad autem id aut. Ea cumque et quo.', 688, 7, 5, '2018-12-03 06:55:55', '2018-12-03 06:55:55'),
(123, 'beatae', 'Rerum consequatur sunt rerum nisi praesentium modi deserunt occaecati. Et consectetur quaerat enim qui. Impedit alias exercitationem hic sed dolore et quia totam. Rerum quos optio officia est est ea illo. Aliquam recusandae ex nulla ratione eum cumque sequi placeat.', 433, 1, 5, '2018-12-03 06:55:55', '2018-12-03 06:55:55'),
(124, 'perferendis', 'Sint non quidem non et et omnis. Non rerum ipsum delectus aut in vel quibusdam. Et ab modi nulla quod quibusdam.', 911, 1, 28, '2018-12-03 06:55:55', '2018-12-03 06:55:55'),
(125, 'qui', 'Quis odio facilis a ut quae enim. Tempora sit dolorem enim aut corrupti possimus beatae.', 794, 3, 21, '2018-12-03 06:55:55', '2018-12-03 06:55:55'),
(126, 'corporis', 'Similique vel sint consequuntur eius nemo. Maxime et voluptatem exercitationem illo saepe illo reprehenderit. Consequuntur fugiat consequuntur ipsa voluptatem nostrum. Quos sapiente est quia et neque.', 942, 7, 16, '2018-12-03 06:55:55', '2018-12-03 06:55:55'),
(127, 'temporibus', 'Vel aut non sed omnis dignissimos officia. Vel reiciendis accusantium odit cum voluptatum dicta est.', 203, 5, 5, '2018-12-03 06:55:55', '2018-12-03 06:55:55'),
(128, 'quod', 'Quod sint deleniti et. Necessitatibus qui assumenda odio voluptatem dicta rerum. Nostrum consequuntur enim incidunt sit incidunt suscipit qui.', 833, 6, 28, '2018-12-03 06:55:55', '2018-12-03 06:55:55'),
(129, 'ratione', 'Molestias nihil sint animi et id minus. Facere rerum aut quis optio consequuntur. Molestiae possimus eius et facere sit.', 461, 7, 4, '2018-12-03 06:55:55', '2018-12-03 06:55:55'),
(130, 'voluptatem', 'Deserunt expedita officiis odit quo. Qui excepturi sunt quod neque et rerum dicta. Eos aperiam ut magni voluptatem et cumque voluptatem. Eveniet debitis iusto voluptate qui enim quaerat. Consequuntur est id cum sunt alias aut.', 161, 7, 28, '2018-12-03 06:55:55', '2018-12-03 06:55:55'),
(131, 'sunt', 'Magnam ipsam quasi fuga cum cumque ut. Et sunt distinctio non. Rerum consequuntur accusantium voluptates architecto. Veniam consequatur placeat omnis nobis quidem corporis.', 137, 7, 6, '2018-12-03 06:55:55', '2018-12-03 06:55:55'),
(132, 'ut', 'Natus ad est reiciendis vel illum quo atque. Cum nihil quo aut dicta delectus debitis consequatur.', 624, 8, 26, '2018-12-03 06:55:55', '2018-12-03 06:55:55'),
(133, 'porro', 'Quae consectetur eos atque asperiores ut qui nihil. Blanditiis autem corporis fugiat dolor autem. Sed sint molestiae voluptatem sint officiis et assumenda non. Eos omnis voluptatem consequatur est molestiae veritatis impedit qui.', 583, 8, 16, '2018-12-03 06:55:55', '2018-12-03 06:55:55'),
(134, 'voluptatibus', 'Accusamus molestiae libero perferendis et autem. Quia et hic voluptates ipsam commodi eum repudiandae tempora.', 182, 0, 14, '2018-12-03 06:55:55', '2018-12-03 06:55:55'),
(135, 'vitae', 'Neque magnam qui est. Vel debitis velit vitae perferendis. Dignissimos harum error magni reiciendis eos.', 409, 7, 4, '2018-12-03 06:55:55', '2018-12-03 06:55:55'),
(136, 'et', 'Tenetur sunt id voluptate non nemo vitae. Corrupti et ratione facilis sint nisi expedita sint. Dolores provident et et minima est. Et maiores quod explicabo omnis vel.', 683, 7, 5, '2018-12-03 06:55:55', '2018-12-03 06:55:55'),
(137, 'fugit', 'Vel et tenetur nulla quia aliquid nobis. Sapiente iure eum mollitia modi at. Molestiae possimus nihil consequatur ea similique ipsam eum. Quia porro non totam earum a et.', 524, 5, 13, '2018-12-03 06:55:55', '2018-12-03 06:55:55'),
(138, 'dolores', 'Aperiam numquam non in. Et nisi odit soluta qui sed pariatur. Tenetur quibusdam qui consectetur ipsa sit repudiandae et.', 817, 9, 28, '2018-12-03 06:55:55', '2018-12-03 06:55:55'),
(139, 'cum', 'Aliquid odio maxime voluptate qui. Cumque reprehenderit sunt sequi velit qui debitis non. Fugit id quas occaecati illum suscipit.', 617, 8, 22, '2018-12-03 06:55:55', '2018-12-03 06:55:55'),
(140, 'illum', 'Totam veniam aut nihil enim. Ipsum nostrum eum autem eos voluptas vel. Aut quis ut sint ut qui. Provident ducimus officia velit deserunt sit sit.', 176, 5, 21, '2018-12-03 06:55:56', '2018-12-03 06:55:56'),
(141, 'nobis', 'Repellat consequatur et tempora sit dolore repellat. Occaecati vel repudiandae id ab.', 953, 9, 4, '2018-12-03 06:55:56', '2018-12-03 06:55:56'),
(142, 'voluptas', 'A alias tempora et. Quis quidem inventore maiores dolorum qui ducimus voluptas in.', 778, 6, 4, '2018-12-03 06:55:56', '2018-12-03 06:55:56'),
(143, 'facere', 'Nesciunt maxime labore similique. Non quia temporibus placeat enim iure. Esse a vel aut ratione ipsam omnis. Nihil esse aspernatur ex modi.', 913, 5, 29, '2018-12-03 06:55:56', '2018-12-03 06:55:56'),
(144, 'error', 'Voluptas est quas ab tenetur a tempore. Ut optio nemo eum voluptas. Ut similique quis eveniet nihil sit fugit. Vel nam eveniet illo odio quibusdam quia.', 521, 1, 6, '2018-12-03 06:55:56', '2018-12-03 06:55:56'),
(145, 'veniam', 'Quo neque consequatur et minima velit qui impedit. Quos laudantium ut beatae est veritatis est laborum. Qui modi sint esse voluptas. Culpa ipsam cum itaque a aut.', 471, 9, 10, '2018-12-03 06:55:56', '2018-12-03 06:55:56'),
(146, 'atque', 'Ex vel magni nihil facere explicabo aut molestias. Minus accusamus aut quos voluptas. Dolorum laudantium aut explicabo eligendi. Porro nisi voluptas sint qui aut soluta.', 164, 8, 2, '2018-12-03 06:55:56', '2018-12-03 06:55:56'),
(147, 'id', 'Accusamus totam sint porro debitis laudantium reprehenderit quae. Necessitatibus sit sunt a dolorem molestiae ipsam. Veritatis ut laborum ea rerum. Dolor ut maiores aut consequuntur dolor et porro.', 115, 9, 6, '2018-12-03 06:55:56', '2018-12-03 06:55:56'),
(148, 'eos', 'Ab harum quod repudiandae praesentium eos. Molestiae distinctio quidem non et dolores. Fugiat eum necessitatibus accusamus fuga dolores.', 447, 7, 24, '2018-12-03 06:55:56', '2018-12-03 06:55:56'),
(149, 'et', 'Et aut assumenda amet aut in eveniet sunt tenetur. Et sint ipsa aspernatur suscipit voluptate. Sapiente aut voluptatem a. Temporibus rerum odit rerum et laudantium accusantium est. Consequatur quibusdam iste ducimus et rerum et.', 944, 7, 11, '2018-12-03 06:55:56', '2018-12-03 06:55:56'),
(150, 'maiores', 'Ipsa impedit magni adipisci hic ut omnis ab. Illum laborum rerum eos ab dolor veritatis eos quis. Perspiciatis harum maxime repellendus iure quidem.', 654, 5, 19, '2018-12-03 06:55:56', '2018-12-03 06:55:56');

-- --------------------------------------------------------

--
-- Table structure for table `reviews`
--

CREATE TABLE `reviews` (
  `id` int(10) UNSIGNED NOT NULL,
  `product_id` int(10) UNSIGNED NOT NULL,
  `customer` varchar(255) COLLATE utf8mb4_unicode_ci NOT NULL,
  `review` text COLLATE utf8mb4_unicode_ci NOT NULL,
  `star` int(11) NOT NULL,
  `created_at` timestamp NULL DEFAULT NULL,
  `updated_at` timestamp NULL DEFAULT NULL
) ENGINE=InnoDB DEFAULT CHARSET=utf8mb4 COLLATE=utf8mb4_unicode_ci;

--
-- Dumping data for table `reviews`
--

INSERT INTO `reviews` (`id`, `product_id`, `customer`, `review`, `star`, `created_at`, `updated_at`) VALUES
(1, 98, 'Myrtis Abbott', 'Cum distinctio amet expedita dolor commodi quos aut exercitationem. Quo et veniam ea voluptas ut consequatur unde. Error tempore sit architecto dignissimos tenetur dolor quia. Magni saepe eaque occaecati aut aut.', 0, '2018-12-03 06:55:59', '2018-12-03 06:55:59'),
(2, 65, 'Marlon Jones Jr.', 'Et molestias ratione et nihil sunt et. Aut aspernatur repellat suscipit. Quidem delectus et nihil. In omnis debitis assumenda dolor veritatis. Cupiditate reprehenderit dolorum aut.', 1, '2018-12-03 06:55:59', '2018-12-03 06:55:59'),
(3, 145, 'Diamond Thiel', 'Aut ipsam laborum quia molestiae fugit aliquid tempore. Recusandae deleniti qui quos voluptatem aut facilis consequatur. Illo fugiat laborum rerum molestiae eveniet. Quasi neque qui veniam et at corrupti.', 2, '2018-12-03 06:55:59', '2018-12-03 06:55:59'),
(4, 55, 'Vallie Crooks', 'Eos vel ipsa voluptas nisi. Accusantium eos voluptatum molestiae velit temporibus. Animi voluptatem ea qui omnis. Et quo aut non aut.', 4, '2018-12-03 06:55:59', '2018-12-03 06:55:59'),
(5, 85, 'Janae Olson III', 'Dolor fugit expedita sint et dolorem architecto. In recusandae non quis harum dolores non nulla. Aut vero accusantium qui non voluptates assumenda enim quia.', 3, '2018-12-03 06:55:59', '2018-12-03 06:55:59'),
(6, 27, 'Earlene Vandervort', 'Qui exercitationem temporibus quam dolore provident ut ipsum. Maxime atque cumque aperiam. Magnam similique dolor omnis quidem quasi velit. Ducimus aut commodi nihil voluptatum.', 2, '2018-12-03 06:55:59', '2018-12-03 06:55:59'),
(7, 5, 'Prudence Koelpin', 'Rerum alias omnis sit vitae. Eius ducimus ut similique.', 2, '2018-12-03 06:55:59', '2018-12-03 06:55:59'),
(8, 47, 'Ms. Judy McDermott PhD', 'Adipisci assumenda est dolor earum molestiae voluptatum iure. Voluptates est officia eaque iste. Eum vel quam ut rerum doloribus sed. Iure nam doloribus impedit iusto sunt et nisi. Molestiae repellat alias perspiciatis natus quia.', 3, '2018-12-03 06:55:59', '2018-12-03 06:55:59'),
(9, 68, 'Al Tremblay', 'Nihil voluptatum dolore temporibus vitae. Eaque earum deserunt animi corporis. Earum in tenetur eos quasi doloremque quia. Ipsum quia consequatur quam mollitia reiciendis dignissimos corrupti.', 1, '2018-12-03 06:55:59', '2018-12-03 06:55:59'),
(10, 65, 'Brennan Raynor', 'Voluptate nesciunt illo cupiditate maxime quis error. Ratione dolores et aspernatur eveniet non nemo asperiores. Corporis repellendus et quo recusandae delectus cumque.', 5, '2018-12-03 06:55:59', '2018-12-03 06:55:59'),
(11, 82, 'Verda Frami', 'Sit et fugiat modi ut eius. Perferendis fugiat ea voluptates soluta totam. Et nesciunt veniam facilis beatae incidunt quis. Architecto aut et doloremque inventore qui sed.', 1, '2018-12-03 06:55:59', '2018-12-03 06:55:59'),
(12, 148, 'Zion Krajcik', 'Omnis assumenda vero a. Assumenda nihil tempore eos expedita ipsa harum vitae. Omnis optio sit debitis maxime. Facilis et libero ipsam.', 1, '2018-12-03 06:55:59', '2018-12-03 06:55:59'),
(13, 135, 'Dr. Moshe Larson Jr.', 'Quas similique ullam repudiandae. Et minus in eum est dicta qui quidem. Est id quisquam voluptas iusto suscipit voluptas. Eos beatae est adipisci nihil laudantium quas dolorum. Sit aut odit rerum assumenda et neque.', 5, '2018-12-03 06:55:59', '2018-12-03 06:55:59'),
(14, 9, 'Amari Ernser', 'Dignissimos qui quidem sunt enim quis eveniet cupiditate et. Non eum maiores porro similique.', 3, '2018-12-03 06:55:59', '2018-12-03 06:55:59'),
(15, 57, 'Isai Frami', 'Et consequatur necessitatibus facere totam ut iure perspiciatis. Nihil sed qui fugiat exercitationem culpa ea aperiam quam. Dolores in voluptatibus exercitationem et.', 4, '2018-12-03 06:55:59', '2018-12-03 06:55:59'),
(16, 116, 'Gino Bogisich', 'Facilis similique quam et rem quis commodi vel. Velit optio iste ut laudantium sed. Eos ut fuga natus quaerat veniam porro architecto. Unde est qui amet.', 0, '2018-12-03 06:55:59', '2018-12-03 06:55:59'),
(17, 76, 'Nathen Bashirian', 'Quia minima est voluptas et ullam. Repellendus earum nesciunt nobis quod eos sit aspernatur sit. Occaecati quas omnis voluptate at dolore dolorum. Tempore qui vel optio molestiae rem.', 4, '2018-12-03 06:55:59', '2018-12-03 06:55:59'),
(18, 145, 'Mrs. Brandy Olson', 'Quidem enim dolorem itaque sed. Quisquam repellat deleniti illum unde adipisci. Molestias quisquam sunt placeat optio eius neque nobis. Repudiandae molestiae non asperiores sit. Vel nulla illum est fuga ut quo quos doloribus.', 5, '2018-12-03 06:56:00', '2018-12-03 06:56:00'),
(19, 72, 'Fae Stracke DVM', 'Et ipsam dolores in quos. Quod saepe itaque error ratione. Occaecati qui nemo reprehenderit.', 4, '2018-12-03 06:56:00', '2018-12-03 06:56:00'),
(20, 67, 'Germaine Ondricka Jr.', 'Consequatur est praesentium perferendis minus ut voluptas nisi. Sed sint aut dolores sint reiciendis repudiandae. Dolores architecto repellat saepe sunt qui exercitationem et.', 3, '2018-12-03 06:56:00', '2018-12-03 06:56:00'),
(21, 103, 'Rowan Wilderman', 'Qui rerum iusto est natus fugiat qui sit quia. Exercitationem voluptate quos at reprehenderit doloribus voluptate a. Eum aperiam sint commodi nulla enim harum. Odit facilis sunt libero at ea laborum.', 3, '2018-12-03 06:56:00', '2018-12-03 06:56:00'),
(22, 54, 'Wiley Dooley', 'Soluta sit quam necessitatibus et non qui. Dolor ut laboriosam cupiditate quisquam nihil deleniti. Necessitatibus omnis id voluptatem odio. Est quisquam doloremque velit.', 3, '2018-12-03 06:56:00', '2018-12-03 06:56:00'),
(23, 74, 'Prof. Jessy Hintz', 'Reprehenderit enim molestiae dolorum ea provident nam. Consequuntur repudiandae voluptas unde a minima possimus minus. Nihil vel sed natus soluta et. Rerum ab inventore reiciendis quas veritatis vel reprehenderit.', 2, '2018-12-03 06:56:00', '2018-12-03 06:56:00'),
(24, 130, 'Roxane Reynolds DVM', 'Quo deserunt voluptatem laudantium ut voluptatem omnis ratione. Odit et aut voluptatum provident nulla maiores reprehenderit. Quibusdam aliquam possimus laborum unde.', 0, '2018-12-03 06:56:00', '2018-12-03 06:56:00'),
(25, 76, 'Francesco Volkman', 'Et libero in et neque enim amet accusamus magni. Doloribus debitis est corporis aut. Ex amet a dolor voluptatibus dolor et et. Sunt omnis voluptas vel est.', 5, '2018-12-03 06:56:00', '2018-12-03 06:56:00'),
(26, 34, 'Jonatan Bergstrom Jr.', 'Enim et et quos et voluptatum fuga aliquam. Incidunt impedit iusto odio aspernatur ipsa blanditiis similique. Sit quasi dolores consequuntur. Maxime consectetur sed facere et aspernatur aperiam.', 0, '2018-12-03 06:56:00', '2018-12-03 06:56:00'),
(27, 146, 'Prof. Godfrey Walker', 'Sunt sit accusamus culpa et. Sunt distinctio rem corrupti nihil. Et tempora error eum. Aut itaque in maxime illo eos.', 4, '2018-12-03 06:56:00', '2018-12-03 06:56:00'),
(28, 69, 'Norberto Tromp Jr.', 'Ut tempore labore consequatur similique itaque sequi labore. Placeat est qui fuga corporis natus doloribus. Sequi accusamus eos et fugit pariatur modi nesciunt ducimus. Sint quo eaque accusamus dolores numquam.', 2, '2018-12-03 06:56:00', '2018-12-03 06:56:00'),
(29, 117, 'Prof. Marilyne O\'Keefe DDS', 'Fugit aliquid sunt porro excepturi. Quia id amet veritatis soluta autem non. Rem ratione modi consequatur. Aut qui praesentium sit laborum ex quas voluptatum.', 3, '2018-12-03 06:56:00', '2018-12-03 06:56:00'),
(30, 84, 'Dr. Haskell Dicki V', 'Non molestiae ipsa eaque reprehenderit et fugit fugiat quos. Corporis soluta maxime rerum nisi voluptatum. Ipsa eligendi iusto nam cupiditate velit magni rerum. Qui earum quasi libero dolores libero aspernatur velit ut. Odit iste officia harum error autem.', 3, '2018-12-03 06:56:00', '2018-12-03 06:56:00'),
(31, 51, 'German Emmerich', 'Repudiandae consequatur et magnam inventore sint cumque harum. Error ea id laborum dolorum sunt sunt sapiente. Recusandae vel sunt laboriosam inventore ea natus.', 3, '2018-12-03 06:56:00', '2018-12-03 06:56:00'),
(32, 94, 'Lizeth Reynolds', 'Quas id ullam molestias molestias modi quo consequuntur perspiciatis. Nisi corporis dolor est porro. Ratione laboriosam facere et debitis consequatur illo aspernatur laboriosam. Dolor molestiae et magni odio soluta porro. Beatae architecto veniam in.', 0, '2018-12-03 06:56:00', '2018-12-03 06:56:00'),
(33, 57, 'Courtney Mayer', 'Est aut repudiandae similique aut aut sit libero. Asperiores nam laboriosam cum dolor autem nam soluta. Et est et amet excepturi.', 3, '2018-12-03 06:56:00', '2018-12-03 06:56:00'),
(34, 32, 'Una Hagenes DVM', 'Officia sapiente soluta necessitatibus rem voluptas quis. Et voluptatem aliquid maiores laudantium. Sunt expedita ipsa corporis deserunt nulla a in eligendi.', 4, '2018-12-03 06:56:00', '2018-12-03 06:56:00'),
(35, 66, 'Luz McCullough', 'Cupiditate numquam quas ullam pariatur. Ut aut voluptates et nemo. Nihil fugit facere sit vel sapiente enim temporibus. Delectus voluptatum porro fugiat nemo.', 5, '2018-12-03 06:56:00', '2018-12-03 06:56:00'),
(36, 38, 'Karolann Lueilwitz', 'Ipsam earum non eum soluta aut sed ut. Qui quo accusantium sapiente possimus mollitia.', 5, '2018-12-03 06:56:00', '2018-12-03 06:56:00'),
(37, 108, 'Lora Runolfsdottir', 'Omnis nemo voluptatem non et. Ipsam facilis rerum doloremque recusandae. Maxime animi sunt officia praesentium nihil.', 5, '2018-12-03 06:56:00', '2018-12-03 06:56:00'),
(38, 20, 'Prof. Lila Pollich III', 'Exercitationem non rerum exercitationem dolorem fugit commodi. Ipsa aut qui voluptatem non fugiat. Nemo exercitationem deserunt omnis excepturi aliquid hic. Beatae dolores et omnis et.', 1, '2018-12-03 06:56:00', '2018-12-03 06:56:00'),
(39, 130, 'Blaise Shanahan', 'Similique omnis necessitatibus molestias totam deserunt. At sequi rerum perspiciatis et vel at. Deserunt iure et nobis mollitia ut. Perferendis error officia dolor quae consequatur consequuntur.', 1, '2018-12-03 06:56:00', '2018-12-03 06:56:00'),
(40, 51, 'Paxton Buckridge', 'Et amet iusto corrupti non. Harum officiis accusamus et dolores natus nam. Quod tempore voluptatem quibusdam velit ipsam corporis.', 2, '2018-12-03 06:56:00', '2018-12-03 06:56:00'),
(41, 29, 'Dejon McCullough', 'Sed autem necessitatibus totam ipsam harum et. Odio voluptatem architecto nemo molestias delectus impedit rem aliquam. Consequuntur porro commodi recusandae maiores. Est enim corporis autem laudantium sed.', 2, '2018-12-03 06:56:01', '2018-12-03 06:56:01'),
(42, 12, 'Rita Kunde', 'Minima facere voluptatem quaerat sapiente molestiae ex iste. Praesentium illo dolorem consequuntur pariatur voluptas sed eum. Quae aspernatur molestiae veritatis sed. Mollitia debitis ratione qui nulla magni ad. Modi est debitis ipsum hic.', 4, '2018-12-03 06:56:01', '2018-12-03 06:56:01'),
(43, 137, 'Mackenzie Herzog', 'Aliquid ut soluta aspernatur sapiente atque. Est cum dolor unde sint. Eius quibusdam dolores et tempora nulla eum et possimus.', 5, '2018-12-03 06:56:01', '2018-12-03 06:56:01'),
(44, 106, 'Orval Romaguera DDS', 'Rem enim temporibus officia error dignissimos enim. Ratione quod impedit sed commodi maxime delectus facilis. Vitae harum ab voluptatem ad reprehenderit sint. Doloremque quo cumque quas a natus enim ea.', 0, '2018-12-03 06:56:01', '2018-12-03 06:56:01'),
(45, 41, 'Jackeline Buckridge II', 'Recusandae consequatur dolor non debitis consequuntur sit. Incidunt ut tempore architecto esse velit aut. Consequatur beatae labore nostrum eius et. Repellendus voluptatem dignissimos placeat blanditiis error nihil.', 0, '2018-12-03 06:56:01', '2018-12-03 06:56:01'),
(46, 127, 'Adele Sanford DVM', 'Numquam facilis ut optio tempore nisi dolores et. Est quisquam maxime velit omnis rerum ut. Sit veniam placeat molestiae incidunt dolores in.', 3, '2018-12-03 06:56:01', '2018-12-03 06:56:01'),
(47, 69, 'Alyce Kovacek', 'Et culpa blanditiis ut dolorem molestiae facilis. Provident quis tenetur qui itaque dignissimos commodi.', 5, '2018-12-03 06:56:01', '2018-12-03 06:56:01'),
(48, 32, 'Nakia Roob', 'Aut maiores repellat aut repellat. Voluptatum dolorem consequuntur veniam ut vel voluptate. Vel vitae enim repellendus rerum consequatur minus et. Quaerat ipsam provident quaerat sequi quo.', 3, '2018-12-03 06:56:01', '2018-12-03 06:56:01'),
(49, 117, 'Mr. Lewis Veum Jr.', 'Dolorem placeat rerum minima optio non et. Ab sequi velit optio omnis commodi ad. Minus eos ab ea voluptate voluptatem. Facilis amet quas aliquam nesciunt nihil tempore quia.', 5, '2018-12-03 06:56:01', '2018-12-03 06:56:01'),
(50, 31, 'Dawson Stanton', 'Pariatur cumque voluptatem sit eligendi dolores est itaque. Quia reprehenderit temporibus enim qui eos voluptas. Accusantium odit ducimus dolor sed natus.', 3, '2018-12-03 06:56:01', '2018-12-03 06:56:01'),
(51, 94, 'Madelyn Wuckert', 'Non quam saepe necessitatibus dolor consequatur provident. Sit unde voluptas consequatur dicta tenetur nulla id. Vel aut harum reprehenderit iusto non. Repudiandae consequatur ipsa nam.', 0, '2018-12-03 06:56:01', '2018-12-03 06:56:01'),
(52, 52, 'Mr. Rickie Johnson MD', 'Accusantium non aliquid minus sequi libero inventore autem. Culpa soluta ex accusantium qui suscipit quo. Sequi facilis enim esse.', 3, '2018-12-03 06:56:01', '2018-12-03 06:56:01'),
(53, 139, 'Tre Emard', 'Alias in in quis natus nostrum aliquam ut minus. Eaque excepturi natus inventore dolore id temporibus veritatis totam. Consequatur ab dolore enim inventore magnam corrupti.', 5, '2018-12-03 06:56:01', '2018-12-03 06:56:01'),
(54, 70, 'Dr. Janessa Smith', 'Recusandae mollitia placeat tempore. Velit debitis odit et eius sunt. Illo sed cumque illo vitae atque est. Incidunt consequuntur ut ratione magni. Enim voluptatem ab dolore ut aut facere.', 4, '2018-12-03 06:56:01', '2018-12-03 06:56:01'),
(55, 145, 'Delia Conn DDS', 'Laboriosam vitae modi amet recusandae laborum aut. Numquam veritatis esse eaque quo praesentium. Sunt est ullam est quos rerum et.', 3, '2018-12-03 06:56:01', '2018-12-03 06:56:01'),
(56, 50, 'Dr. Pierce Turcotte V', 'Pariatur sed numquam itaque ipsam. A voluptatem voluptatibus sit nobis ut nobis voluptatem. Quae optio deserunt animi ipsum explicabo et est. Aut et animi esse sit magni nesciunt.', 1, '2018-12-03 06:56:01', '2018-12-03 06:56:01'),
(57, 96, 'Prof. Alfred O\'Reilly IV', 'Quod quibusdam ipsam ut quisquam et. Magni impedit dolore dignissimos. Atque tempore ipsam quis cumque consequuntur perspiciatis.', 0, '2018-12-03 06:56:01', '2018-12-03 06:56:01'),
(58, 133, 'Tessie Predovic', 'Culpa temporibus deleniti voluptatem. Aut dolore officiis dignissimos rem voluptatum nemo sed. Corporis voluptatem modi rem alias reprehenderit. Quos iusto aspernatur dolorum cumque quia et.', 3, '2018-12-03 06:56:01', '2018-12-03 06:56:01'),
(59, 32, 'Hershel Hand', 'Molestiae repellendus et facilis dolorum aut. Aspernatur hic quisquam itaque pariatur amet.', 0, '2018-12-03 06:56:01', '2018-12-03 06:56:01'),
(60, 80, 'Gunner Zboncak', 'Veniam eos dolor eligendi odit incidunt magni. Culpa tempora quos quo id. Quam totam aut qui fugiat ut veritatis nemo. Sint repudiandae possimus ipsum id perspiciatis aut. Consequuntur iusto culpa ipsam numquam cumque.', 5, '2018-12-03 06:56:01', '2018-12-03 06:56:01'),
(61, 80, 'Maynard Bins', 'Modi expedita fuga consequatur vitae a ut. Culpa sit ducimus quam rem. Quod repellendus nulla repudiandae voluptas est dolorem dolorem. Sit voluptatibus temporibus officiis ut facere.', 3, '2018-12-03 06:56:01', '2018-12-03 06:56:01'),
(62, 14, 'Anais Mohr', 'Eum est ut voluptate. Eos dolor et error soluta. Consequatur quos voluptas architecto eos delectus.', 1, '2018-12-03 06:56:01', '2018-12-03 06:56:01'),
(63, 130, 'Marcella Vandervort', 'Vel autem delectus quia sapiente laudantium aliquam facere. Ad id sed soluta quis ut cum. Id numquam amet rem recusandae quidem officia. Dolores dignissimos amet modi esse quia accusamus voluptatem.', 3, '2018-12-03 06:56:01', '2018-12-03 06:56:01'),
(64, 97, 'Tressie Roberts PhD', 'Qui voluptas et voluptatem autem doloremque occaecati omnis fuga. Reprehenderit quas ipsa et aliquid nobis dolores explicabo consequatur. Facere inventore et dignissimos tempora ut. Quasi ut maiores quam eveniet ea cum.', 5, '2018-12-03 06:56:02', '2018-12-03 06:56:02'),
(65, 45, 'Greyson Effertz', 'Magnam modi in iste quia et aperiam omnis. Harum asperiores aut sit illo quia. Alias saepe rerum dolores quae et. Architecto quis sint magnam velit ad.', 3, '2018-12-03 06:56:02', '2018-12-03 06:56:02'),
(66, 97, 'Dr. Percy Bradtke I', 'At nihil corporis eaque. Quae neque commodi saepe esse error. Aut repellendus odit adipisci laboriosam sunt quisquam quae. Inventore voluptatem eum dignissimos et explicabo molestiae.', 1, '2018-12-03 06:56:02', '2018-12-03 06:56:02'),
(67, 147, 'Ms. Sincere Ryan I', 'Aut non doloremque quia veritatis. Possimus distinctio explicabo aut reiciendis voluptatibus vel. Corporis doloremque officiis numquam.', 5, '2018-12-03 06:56:02', '2018-12-03 06:56:02'),
(68, 83, 'Della O\'Hara', 'Enim perspiciatis nisi aut voluptate ipsam mollitia sint. Corrupti ratione nesciunt voluptatibus aut rerum. Tempore enim nemo est doloribus unde porro accusantium.', 5, '2018-12-03 06:56:02', '2018-12-03 06:56:02'),
(69, 76, 'Prof. Chance Fay', 'Distinctio consequuntur rerum sed sunt quos sapiente. Nihil aut unde veniam aliquid. Voluptatem ea doloremque ratione neque nisi nemo omnis. Fugiat quas quia voluptas consequuntur quo.', 4, '2018-12-03 06:56:02', '2018-12-03 06:56:02'),
(70, 65, 'Dr. Rosemary Nitzsche', 'Velit quia quia vel rem ut ipsam modi. Fugiat sed provident delectus laboriosam quia omnis similique.', 4, '2018-12-03 06:56:02', '2018-12-03 06:56:02'),
(71, 106, 'Prof. Zelma Marks', 'Sint voluptate debitis ullam exercitationem aut molestiae nulla. Quis velit ut officia nemo. Corrupti nostrum et atque quos quia et. Nisi fugit consequatur est suscipit provident enim. Velit quis tempore ab.', 5, '2018-12-03 06:56:02', '2018-12-03 06:56:02'),
(72, 28, 'Dr. Ezekiel Bradtke', 'Adipisci earum debitis officia quidem labore voluptatem dolorem dolorem. Totam doloribus aut quidem et voluptatum sapiente quibusdam. Dolorem eius doloribus enim atque impedit cupiditate.', 0, '2018-12-03 06:56:02', '2018-12-03 06:56:02'),
(73, 148, 'Norwood Heaney', 'Pariatur ea numquam qui omnis. Distinctio voluptas asperiores praesentium repellendus aut. Sit nemo enim beatae hic. Similique voluptatem modi aliquid saepe ipsa ipsa id.', 1, '2018-12-03 06:56:02', '2018-12-03 06:56:02'),
(74, 120, 'Deangelo Heidenreich', 'Ea voluptas fuga voluptatem dignissimos quis. Qui architecto delectus velit voluptatem et soluta. Non eos eaque eum. Dicta alias adipisci et a hic accusamus aliquam.', 2, '2018-12-03 06:56:02', '2018-12-03 06:56:02'),
(75, 97, 'Noelia Nader', 'Cum sed quaerat asperiores qui. Quod doloremque dolor deleniti sit dolorum fugit sunt eaque. Quaerat minus non velit ipsam ratione.', 2, '2018-12-03 06:56:02', '2018-12-03 06:56:02'),
(76, 55, 'Mrs. Jazmyn Corkery PhD', 'Quis voluptatem molestiae id. Ad ut voluptas fugiat alias ducimus.', 5, '2018-12-03 06:56:02', '2018-12-03 06:56:02'),
(77, 44, 'Flavie Bins', 'Ut fuga est totam voluptates. Unde blanditiis dolorum dolor consectetur. Ipsum mollitia quia repudiandae quasi quis laudantium voluptatum. Nihil officiis cupiditate et nam voluptas qui impedit ipsum.', 1, '2018-12-03 06:56:02', '2018-12-03 06:56:02'),
(78, 12, 'Jonathan Howell MD', 'Doloremque nihil quia sit autem sed aut hic. Totam quod magnam sit totam et assumenda. Voluptatem saepe itaque veritatis aperiam vel. Molestiae aut sit atque consequatur.', 0, '2018-12-03 06:56:02', '2018-12-03 06:56:02'),
(79, 26, 'Maryam Toy', 'Autem placeat id qui qui. Eveniet consectetur dignissimos sunt nisi ullam nisi similique. Ut fuga voluptatibus repellendus vitae pariatur sed eius. Voluptatem libero necessitatibus earum illo a. Sed omnis qui est in velit placeat.', 1, '2018-12-03 06:56:02', '2018-12-03 06:56:02'),
(80, 109, 'Stefanie Price', 'Magni architecto est dolorem ut et. Quia et sint ipsam. Minima voluptas nisi corrupti est eum. Aliquid rem a quae possimus.', 5, '2018-12-03 06:56:02', '2018-12-03 06:56:02'),
(81, 91, 'Angelica Mertz', 'Et commodi necessitatibus dolorum distinctio vero. Molestiae sit a enim et ex. Dolor ratione iste aliquid odit quia fugiat explicabo esse. Fugit dolorem occaecati ut.', 3, '2018-12-03 06:56:02', '2018-12-03 06:56:02'),
(82, 123, 'Candace Sawayn II', 'Culpa cumque dolore dolores odio aliquid. Omnis magnam magni modi iusto voluptate qui. Aut occaecati eligendi voluptatem voluptatem quidem. Incidunt aliquam ea consectetur sed.', 4, '2018-12-03 06:56:02', '2018-12-03 06:56:02'),
(83, 139, 'Dr. Abbie Reinger', 'Ut laboriosam minima in reiciendis. Et occaecati error laudantium voluptatem perspiciatis consequatur. Neque est qui dolore tenetur culpa. Aut quidem fuga temporibus et quas id.', 3, '2018-12-03 06:56:02', '2018-12-03 06:56:02'),
(84, 9, 'Mrs. Myrtis Schneider', 'Exercitationem aspernatur ut est maxime non quae sit. Molestiae quis voluptatem sit enim in. Aspernatur voluptas qui sit nisi excepturi.', 1, '2018-12-03 06:56:02', '2018-12-03 06:56:02'),
(85, 93, 'Mrs. Avis Walsh', 'Quia voluptas nihil quia deleniti eos qui et. Commodi totam sint harum molestias tempore eligendi repudiandae. In aut nam qui fugiat enim.', 3, '2018-12-03 06:56:03', '2018-12-03 06:56:03'),
(86, 110, 'Celia Corwin', 'Ad cum nisi tempora. A esse mollitia sequi cumque similique. Ipsam fugit molestiae impedit tempora error.', 1, '2018-12-03 06:56:03', '2018-12-03 06:56:03'),
(87, 103, 'Berta Ratke Jr.', 'Sint est omnis omnis exercitationem voluptatem. Distinctio consequatur nemo reprehenderit impedit dolorem perferendis sint. Tempore sed reprehenderit doloribus corporis et.', 4, '2018-12-03 06:56:03', '2018-12-03 06:56:03'),
(88, 46, 'Kaia Bartoletti V', 'Velit minima culpa iusto nam aut soluta in. Non voluptatem eligendi ab iusto reiciendis. Repellendus eligendi doloribus quis maiores non adipisci voluptatem.', 4, '2018-12-03 06:56:03', '2018-12-03 06:56:03'),
(89, 119, 'Kamille Halvorson', 'Quod hic aut corporis voluptates similique quidem. Cupiditate fugiat optio possimus at voluptatem nisi. Reiciendis fugit quo dolore sunt. Consequuntur iste soluta est unde porro.', 3, '2018-12-03 06:56:03', '2018-12-03 06:56:03'),
(90, 133, 'Prof. Laurine Predovic', 'Debitis quasi praesentium architecto voluptas consequatur non. Facere voluptate fugit rerum inventore molestiae quidem animi ut. Praesentium omnis excepturi et in. Adipisci eius minima exercitationem.', 3, '2018-12-03 06:56:03', '2018-12-03 06:56:03'),
(91, 123, 'Dr. Amelia Bayer I', 'Enim pariatur cumque quaerat molestiae et repellendus rem. Fuga optio beatae est veniam dolorem. Qui alias quo et unde voluptatem.', 2, '2018-12-03 06:56:03', '2018-12-03 06:56:03'),
(92, 120, 'Curtis Mueller', 'Dolorum corrupti aperiam perspiciatis. Molestias quidem totam quia. Molestiae qui id iusto qui dolores. Laudantium deleniti aut voluptatem sunt vitae optio laudantium aut.', 2, '2018-12-03 06:56:03', '2018-12-03 06:56:03'),
(93, 120, 'Miss Magali Beier III', 'Tempore id ipsam ipsa eos nostrum culpa consequatur expedita. Aut ducimus non eum.', 0, '2018-12-03 06:56:03', '2018-12-03 06:56:03'),
(94, 74, 'Jace Ratke', 'Quisquam facilis odio dignissimos. Officia non voluptatibus qui. Omnis repellat neque minus eos molestias commodi. Eaque nam ullam qui commodi vitae.', 1, '2018-12-03 06:56:03', '2018-12-03 06:56:03'),
(95, 141, 'Prof. Bonnie Nitzsche', 'Omnis officiis quos ut accusantium doloremque pariatur. Nobis debitis qui quaerat minus nulla magnam blanditiis. Est aut illum sint facere ad aliquid. Autem laboriosam veniam et nobis perferendis.', 0, '2018-12-03 06:56:03', '2018-12-03 06:56:03'),
(96, 33, 'Prof. Hattie Hickle', 'Similique qui dolorem est necessitatibus et. Amet aut eos quia dolores. Voluptas quam quam qui error dolore aut. Sequi vel aut minima sit sit dicta.', 2, '2018-12-03 06:56:03', '2018-12-03 06:56:03'),
(97, 106, 'Cleo Renner', 'Aliquid alias vitae ut aut. Qui omnis dolores earum sit delectus et vel neque.', 0, '2018-12-03 06:56:03', '2018-12-03 06:56:03'),
(98, 74, 'Ayden Langosh', 'Sint impedit omnis ut sit quia excepturi non quo. In dicta fuga ut tempore maxime. Autem iure sapiente molestias magnam quis consequatur.', 5, '2018-12-03 06:56:03', '2018-12-03 06:56:03'),
(99, 95, 'Earnest Moore', 'Ipsum ipsa tempore sint maiores maiores unde sed. Ratione incidunt nemo repellendus quia aut. Qui vel nesciunt delectus. Eos rerum molestiae architecto sint pariatur commodi.', 3, '2018-12-03 06:56:03', '2018-12-03 06:56:03'),
(100, 146, 'Madelynn Lang', 'Accusamus est nisi ea odio. Voluptate quo quae reprehenderit veritatis. Est reprehenderit placeat non. Hic qui facere id doloribus repellat optio. Occaecati impedit sint facilis deserunt.', 5, '2018-12-03 06:56:03', '2018-12-03 06:56:03'),
(101, 12, 'Eileen Kuhic', 'Ut dolores et ut omnis sit. Velit neque esse aut velit at provident fuga eveniet. Sed sit quaerat molestiae fugiat dolor provident reiciendis doloremque.', 4, '2018-12-03 06:56:03', '2018-12-03 06:56:03'),
(102, 47, 'Citlalli Lindgren', 'Minima aut exercitationem nisi voluptate. Autem expedita sit totam dolorem culpa quo. Nobis reprehenderit quia qui.', 1, '2018-12-03 06:56:03', '2018-12-03 06:56:03'),
(103, 32, 'Florencio Kemmer IV', 'Ea eius suscipit quos quod rerum consequatur molestiae. Et ipsam delectus quasi ut totam dolor. Tenetur et fuga dolor exercitationem voluptatem impedit eius est.', 0, '2018-12-03 06:56:03', '2018-12-03 06:56:03'),
(104, 5, 'Imani Casper', 'Odio impedit velit expedita sed culpa et. Aut ut natus eaque reiciendis.', 1, '2018-12-03 06:56:03', '2018-12-03 06:56:03'),
(105, 105, 'Alexa Kris V', 'Suscipit commodi temporibus doloribus qui repellendus quisquam facere. Ducimus et iste fugit dolorum aut excepturi laboriosam in. Non ullam nulla occaecati minus at consequuntur. Debitis minus vel inventore consequuntur enim dicta.', 4, '2018-12-03 06:56:03', '2018-12-03 06:56:03'),
(106, 110, 'Twila Schuppe I', 'Itaque error modi facilis. Expedita ea omnis labore tenetur quos est. Sapiente quia quaerat assumenda odio quia illum dolor voluptatibus.', 0, '2018-12-03 06:56:03', '2018-12-03 06:56:03'),
(107, 147, 'Baylee Lebsack II', 'Quos explicabo est temporibus. Et laboriosam omnis nesciunt. Porro tenetur et nam vero consequatur modi. Non fuga impedit molestiae qui libero minus.', 5, '2018-12-03 06:56:03', '2018-12-03 06:56:03'),
(108, 45, 'Ollie Heaney', 'Pariatur autem voluptatem magni nobis. Tenetur debitis id ut et quam praesentium voluptatem. Sed et ea totam doloribus minus.', 1, '2018-12-03 06:56:03', '2018-12-03 06:56:03'),
(109, 54, 'Ivory Runolfsson', 'Voluptate sit aut qui. Hic iusto tempore perferendis laboriosam in assumenda eum amet. Officiis iusto est ducimus amet tempora dolorem. Nobis recusandae accusamus deserunt tenetur voluptates a ut. Modi accusamus eaque rerum repudiandae.', 5, '2018-12-03 06:56:03', '2018-12-03 06:56:03'),
(110, 40, 'Ms. Janis McKenzie', 'Nam ratione explicabo eaque iusto quia provident. Nihil qui similique sunt aut ab sit. Quis et sapiente ut impedit ex harum.', 5, '2018-12-03 06:56:03', '2018-12-03 06:56:03'),
(111, 40, 'Erna Stiedemann V', 'Unde sint aliquam itaque eum molestias maiores porro. Architecto quis velit officiis fuga saepe corporis. Occaecati adipisci eos iusto sit voluptatem qui animi.', 4, '2018-12-03 06:56:04', '2018-12-03 06:56:04'),
(112, 133, 'Neil Reinger', 'Et repudiandae et omnis nihil aperiam. Commodi tenetur saepe maxime corporis. Saepe enim praesentium ut quo. Excepturi ut et modi ut eos.', 4, '2018-12-03 06:56:04', '2018-12-03 06:56:04'),
(113, 118, 'Dr. Eliseo Stehr', 'Consequatur a maxime sint dolorem fugit quas quis. Aperiam consequatur adipisci neque provident saepe dolorem aut.', 4, '2018-12-03 06:56:04', '2018-12-03 06:56:04'),
(114, 14, 'Miss Amelia Gutkowski I', 'Animi molestiae qui odio numquam quo dolor. Quos adipisci qui itaque reiciendis expedita eligendi provident. Aut et voluptate perspiciatis dolorum qui consequuntur. Quo sit ullam quas explicabo in.', 1, '2018-12-03 06:56:04', '2018-12-03 06:56:04'),
(115, 18, 'Daren Nolan', 'Consequatur quia incidunt exercitationem rem nesciunt est. Voluptatibus qui voluptatum cupiditate totam dolore quasi. Quam consequuntur consequatur distinctio ex.', 3, '2018-12-03 06:56:04', '2018-12-03 06:56:04'),
(116, 26, 'Lilliana Pouros', 'Illo molestiae labore laboriosam voluptatibus adipisci qui. Tenetur aspernatur illum labore. Ut error quis aut possimus tenetur consectetur est.', 3, '2018-12-03 06:56:04', '2018-12-03 06:56:04'),
(117, 88, 'Elouise Sipes', 'Incidunt quasi possimus dolor doloremque dolore odio illo. Necessitatibus ipsum qui non et hic ut numquam soluta. Et ut rerum consectetur ipsum. Omnis delectus magnam quia sapiente.', 5, '2018-12-03 06:56:04', '2018-12-03 06:56:04'),
(118, 73, 'Kaleb Jerde', 'Quia aliquam quia qui. Necessitatibus voluptates tenetur rem sunt ut libero aliquam. Tempore doloribus adipisci voluptate quae eos. Quia molestias non ut molestiae placeat soluta.', 1, '2018-12-03 06:56:04', '2018-12-03 06:56:04'),
(119, 3, 'Keyon Rath II', 'Quo dolorum vel dolor et vel rerum. Iste et incidunt et debitis modi et.', 0, '2018-12-03 06:56:04', '2018-12-03 06:56:04'),
(120, 42, 'Favian Sporer DDS', 'Voluptatibus vel ut maxime architecto amet. Et voluptatem minus possimus et omnis. Consequuntur quia rerum quis dolores quam.', 1, '2018-12-03 06:56:04', '2018-12-03 06:56:04'),
(121, 59, 'Bridie Donnelly', 'Illo eligendi odio dolorem rerum vel hic et voluptatibus. Aut ex provident omnis possimus quidem et. Voluptas velit voluptatibus beatae omnis qui.', 2, '2018-12-03 06:56:04', '2018-12-03 06:56:04'),
(122, 24, 'Prof. Dallas Shanahan DDS', 'Laudantium sit aliquam velit voluptatibus repellat. Quis quod id perferendis ex harum pariatur illum. Non ipsum non molestias eos reprehenderit voluptas. Quae ea quo similique excepturi accusantium. Voluptates temporibus molestiae rerum enim provident.', 2, '2018-12-03 06:56:04', '2018-12-03 06:56:04'),
(123, 91, 'Dr. Misael Williamson', 'Ad assumenda incidunt iste veniam autem. Aut veniam quia deleniti. Nihil nostrum esse quod molestias omnis sequi.', 1, '2018-12-03 06:56:04', '2018-12-03 06:56:04'),
(124, 16, 'Harmony Lebsack Jr.', 'Et inventore sit consequatur sunt in id alias aspernatur. Quisquam quae sint aut suscipit. Alias distinctio laborum et consequatur impedit quibusdam autem.', 1, '2018-12-03 06:56:04', '2018-12-03 06:56:04'),
(125, 127, 'Dr. Floy Purdy DVM', 'Id voluptatum consectetur perspiciatis rem omnis. Modi impedit suscipit minima doloremque eius. Occaecati mollitia non aut ab. Enim aut itaque illo a nulla. Repellat libero voluptas dolor doloribus sit blanditiis.', 3, '2018-12-03 06:56:04', '2018-12-03 06:56:04'),
(126, 148, 'Thaddeus Bode', 'Incidunt et et nostrum quia ullam minima. Eius aut exercitationem nesciunt eum cumque nisi libero eos.', 1, '2018-12-03 06:56:04', '2018-12-03 06:56:04'),
(127, 80, 'Earnestine Cummerata', 'Rerum modi et ut. Aperiam quasi sunt voluptatibus optio cum.', 5, '2018-12-03 06:56:04', '2018-12-03 06:56:04'),
(128, 46, 'Doris Reinger', 'Sed iusto sit delectus quia et distinctio. Excepturi aliquid quia saepe autem facilis. Tenetur quia quod hic rerum ea. Corrupti eius sapiente voluptates modi.', 2, '2018-12-03 06:56:04', '2018-12-03 06:56:04'),
(129, 73, 'Rosemarie Simonis', 'Debitis quibusdam distinctio qui ex. Tenetur sit et explicabo vero molestiae sit. Optio similique impedit rerum quidem repellat cupiditate.', 3, '2018-12-03 06:56:04', '2018-12-03 06:56:04'),
(130, 141, 'Dasia Bernier', 'Cupiditate dolores quam explicabo qui maiores maiores laborum eius. Sint consectetur delectus sequi deleniti quo doloremque et. Voluptatem enim dolorum totam ipsam eum qui.', 4, '2018-12-03 06:56:04', '2018-12-03 06:56:04'),
(131, 70, 'Miss Anastasia Jacobi', 'Ut occaecati qui quibusdam accusamus ut ullam. Eius quisquam optio modi possimus. Esse qui expedita placeat voluptatibus eum soluta repudiandae. Praesentium iste ipsam rerum vel. Laudantium corporis qui cum et sit ut sint.', 0, '2018-12-03 06:56:04', '2018-12-03 06:56:04'),
(132, 14, 'Corrine Friesen', 'Sit et quia aliquid perferendis ea et. Doloremque atque vitae voluptatem dolores quis sunt saepe. Neque cumque sit dicta quaerat beatae et.', 5, '2018-12-03 06:56:04', '2018-12-03 06:56:04'),
(133, 15, 'Hillary Bednar MD', 'Voluptates accusantium et animi. Et ad qui enim sapiente eius qui sint. Et beatae qui voluptas beatae atque officiis assumenda.', 1, '2018-12-03 06:56:04', '2018-12-03 06:56:04'),
(134, 37, 'Mrs. Lexi Pfeffer', 'Velit voluptates dolor rerum quo. Quia sed laudantium consequatur quis.', 4, '2018-12-03 06:56:05', '2018-12-03 06:56:05'),
(135, 127, 'Arjun Kessler Jr.', 'Pariatur expedita et dolores mollitia sed. Et fuga eligendi fugiat eaque ut occaecati doloremque. Quibusdam similique necessitatibus inventore eum. Expedita tenetur reiciendis sed non tempora magnam asperiores.', 0, '2018-12-03 06:56:05', '2018-12-03 06:56:05'),
(136, 28, 'Lisa Toy', 'Magni quisquam eum blanditiis sapiente ut est qui. Consequatur fugiat vero nulla eos amet. Ducimus id non molestiae et ut et voluptatem omnis. Eos qui vel ea hic.', 1, '2018-12-03 06:56:05', '2018-12-03 06:56:05'),
(137, 118, 'Prof. Rosalyn Cole', 'Veniam id ducimus in. Tempore excepturi in voluptas nemo est consequatur. Facere dolore nam modi ipsam eos vero quis. Beatae aut optio placeat pariatur.', 1, '2018-12-03 06:56:05', '2018-12-03 06:56:05'),
(138, 77, 'Raina Hessel', 'Quisquam deserunt dignissimos vero atque quis fugit incidunt. Nam voluptatibus neque voluptates non. Dignissimos excepturi maxime porro quo rerum nulla.', 1, '2018-12-03 06:56:05', '2018-12-03 06:56:05'),
(139, 65, 'Heidi Armstrong V', 'Et neque vero voluptatum illum. Fugiat dolorem tenetur aperiam et ut voluptatibus. Qui delectus porro aut. Dolores fugit vitae et ab et nihil id.', 3, '2018-12-03 06:56:05', '2018-12-03 06:56:05'),
(140, 31, 'Palma Dietrich', 'A laudantium commodi tempore saepe fugiat. Dolorem impedit et aperiam quas provident deleniti quo.', 2, '2018-12-03 06:56:05', '2018-12-03 06:56:05'),
(141, 92, 'Alford O\'Keefe', 'Consequatur nemo aut laboriosam iusto voluptas eligendi quas impedit. Sint vel aut assumenda voluptate aperiam et nihil velit. Qui ab doloribus quaerat quasi enim aspernatur.', 5, '2018-12-03 06:56:05', '2018-12-03 06:56:05'),
(142, 135, 'Miss Karli Yundt DVM', 'Aut quia iste inventore quo. Numquam aliquam et qui sunt excepturi ut nesciunt. Rerum ut sed dolorem omnis illum.', 1, '2018-12-03 06:56:05', '2018-12-03 06:56:05'),
(143, 56, 'Jerod Wilkinson', 'Et rerum a qui harum officiis. Pariatur earum impedit non et ullam qui fugit. Animi omnis nisi sit cupiditate.', 3, '2018-12-03 06:56:05', '2018-12-03 06:56:05'),
(144, 19, 'Lucienne Zulauf', 'Qui quam molestiae saepe minus quo non minima. Consectetur accusantium eveniet facere sequi mollitia deleniti. Aut facere voluptatem sit suscipit.', 4, '2018-12-03 06:56:05', '2018-12-03 06:56:05'),
(145, 27, 'Mrs. Loma Schamberger DVM', 'Eum provident et et autem. Libero maxime officia quos aperiam facere enim. Ea nesciunt consequuntur ut eos nesciunt cupiditate.', 0, '2018-12-03 06:56:05', '2018-12-03 06:56:05'),
(146, 127, 'Daphne Sauer', 'Nihil ut quasi eos dolores. Necessitatibus fuga aliquid minus qui. Perferendis eos modi voluptas debitis cupiditate facilis.', 4, '2018-12-03 06:56:05', '2018-12-03 06:56:05'),
(147, 3, 'Terrill Borer', 'Quis sit cum ab quis impedit. Delectus cupiditate rem aliquam exercitationem eveniet quis molestias. Quae dolor blanditiis quisquam non. Autem odio illum ducimus corrupti voluptas molestias tenetur.', 1, '2018-12-03 06:56:05', '2018-12-03 06:56:05'),
(148, 127, 'Abdul Collier', 'Et rerum minima commodi. Odit mollitia dolores minima a aliquid id corporis. Praesentium distinctio quia illum maiores molestiae sapiente. Velit magnam dolor autem quisquam eaque ad laboriosam.', 3, '2018-12-03 06:56:05', '2018-12-03 06:56:05'),
(149, 145, 'Vita Terry IV', 'Rerum maxime autem quas beatae. Est autem omnis atque numquam sed. Dolorum ducimus provident error consequuntur. Nisi laboriosam aut aspernatur sit repudiandae odio quod.', 5, '2018-12-03 06:56:05', '2018-12-03 06:56:05'),
(150, 4, 'Nicole Kuhic', 'Consequatur eos dolor assumenda minus aut quae. Earum reiciendis molestiae dolor veniam in dolorum sint. Praesentium molestias earum sapiente vel sit facilis voluptas dolorem.', 5, '2018-12-03 06:56:05', '2018-12-03 06:56:05'),
(151, 7, 'Ms. Jeanette O\'Keefe', 'Cumque nihil iste nemo soluta vero aut. Quisquam velit corrupti deleniti quidem aspernatur ea. Voluptatem est placeat velit quae quae eos laborum. Veritatis rerum labore distinctio omnis ut.', 5, '2018-12-03 06:56:05', '2018-12-03 06:56:05'),
(152, 39, 'Dr. Tyrique Koepp', 'Enim expedita cupiditate architecto veritatis sed esse enim harum. Rerum aperiam est sed qui et commodi unde earum. Mollitia rerum sint ab sit autem placeat corporis. Dolor ullam dolor vel officia nam aut.', 5, '2018-12-03 06:56:05', '2018-12-03 06:56:05'),
(153, 26, 'Ezequiel Kassulke DVM', 'Nemo voluptatem explicabo adipisci aut accusamus delectus doloremque. Velit ullam cumque corporis totam. Vel debitis praesentium minima eos ut.', 0, '2018-12-03 06:56:05', '2018-12-03 06:56:05'),
(154, 111, 'Prof. Ayden Kris', 'Corporis quibusdam ut amet vitae maxime saepe. Repellendus ut deserunt dolorem nostrum quos sed et.', 2, '2018-12-03 06:56:05', '2018-12-03 06:56:05'),
(155, 31, 'Buck Gulgowski MD', 'Qui enim animi et est rem architecto. Cupiditate quibusdam aut quae fuga iusto adipisci et labore. Facilis impedit illum qui ad dolores dolorum.', 4, '2018-12-03 06:56:05', '2018-12-03 06:56:05'),
(156, 95, 'Susie Rodriguez', 'Ea nostrum doloremque quibusdam et. Quo quidem ipsum facere dolores culpa ipsum provident. Optio voluptas corporis quo atque molestiae sint.', 2, '2018-12-03 06:56:06', '2018-12-03 06:56:06'),
(157, 35, 'Ms. Mariela Murphy', 'Nam omnis et velit ut nihil. Delectus atque hic minus laboriosam voluptate incidunt rerum. Esse voluptas vel aut non expedita quibusdam qui. Qui nisi commodi deserunt est voluptas.', 5, '2018-12-03 06:56:06', '2018-12-03 06:56:06'),
(158, 78, 'Sylvester Gusikowski', 'Magnam fugiat ducimus non fuga. Hic minima minus autem nihil iure voluptas ea. Officiis et est ipsam deleniti voluptate laudantium ut error. Neque autem officiis architecto. Rerum accusamus dolorem a.', 3, '2018-12-03 06:56:06', '2018-12-03 06:56:06'),
(159, 139, 'Arjun Schamberger', 'Error consequatur est earum alias eos tempore accusamus ullam. Nesciunt repudiandae et a dolor. Quo ipsam id consectetur consequatur excepturi est.', 4, '2018-12-03 06:56:06', '2018-12-03 06:56:06'),
(160, 139, 'Rossie Spencer', 'Sit voluptate et odio nulla vel eos provident. Ex voluptatem voluptatem animi quia repellat.', 1, '2018-12-03 06:56:06', '2018-12-03 06:56:06'),
(161, 87, 'Filomena Jacobi', 'Velit asperiores itaque nihil qui incidunt ratione nam. Et qui neque vero blanditiis. Qui velit non at magnam voluptas. Et sunt eum assumenda molestiae eum cupiditate. Dicta ullam id qui ipsam quo.', 5, '2018-12-03 06:56:06', '2018-12-03 06:56:06'),
(162, 60, 'Kirsten Schiller', 'Pariatur aspernatur et fuga facilis ut quos. Atque aspernatur aut et. Est labore ut perspiciatis voluptate laborum ut.', 4, '2018-12-03 06:56:06', '2018-12-03 06:56:06'),
(163, 82, 'Easter Spencer', 'Cupiditate quam eos voluptatibus rerum. Quia optio dolor fugit. Quia ex quia temporibus necessitatibus neque dolorem.', 4, '2018-12-03 06:56:06', '2018-12-03 06:56:06'),
(164, 32, 'Efren Quitzon DVM', 'Ipsa et rerum nesciunt totam omnis sequi sequi. Placeat sit vitae quia maxime error cupiditate. Officiis expedita adipisci et omnis perspiciatis.', 5, '2018-12-03 06:56:06', '2018-12-03 06:56:06'),
(165, 18, 'Arne Beahan III', 'Necessitatibus beatae iure incidunt voluptas vero. Iste architecto cumque soluta iusto. Et id necessitatibus quasi quidem modi illum officia. Quod exercitationem numquam eveniet totam quia fugiat.', 2, '2018-12-03 06:56:06', '2018-12-03 06:56:06'),
(166, 133, 'Mr. Erik Stanton', 'Expedita ut et perferendis in. Odio tempora aperiam incidunt accusamus ipsum modi asperiores. Dolore molestiae eos veniam.', 1, '2018-12-03 06:56:06', '2018-12-03 06:56:06'),
(167, 56, 'Miss Esta Durgan', 'Eveniet dolor doloribus aliquid consequatur harum. Ab ut ut quo maxime commodi debitis minima. Totam est saepe dolore tempora. Asperiores explicabo explicabo quia omnis ut labore.', 4, '2018-12-03 06:56:06', '2018-12-03 06:56:06'),
(168, 136, 'Cordie Raynor', 'Asperiores quaerat libero non rerum. Pariatur quasi delectus dolor aspernatur corrupti. Eos eius quibusdam voluptatem facere aliquam ut.', 1, '2018-12-03 06:56:06', '2018-12-03 06:56:06'),
(169, 126, 'Orlo Jacobi DDS', 'Vitae et corrupti laboriosam fugit et esse ut id. Soluta hic impedit iste. Omnis sequi accusamus blanditiis ut.', 0, '2018-12-03 06:56:06', '2018-12-03 06:56:06'),
(170, 5, 'Madison Hermann', 'Deserunt aperiam consequuntur natus laudantium saepe deleniti qui. Doloribus consectetur at rerum laboriosam quaerat aut. Dicta unde et ut minima ipsum numquam pariatur. Inventore et aperiam minima mollitia assumenda dolores. Nihil consequatur accusamus velit itaque inventore.', 4, '2018-12-03 06:56:06', '2018-12-03 06:56:06'),
(171, 123, 'Felipa Volkman Sr.', 'Illum ea voluptatem eum a officia. Quos est debitis officiis reiciendis dolores. Deserunt pariatur ea illo aut omnis quas. Asperiores consequatur unde quia non.', 4, '2018-12-03 06:56:06', '2018-12-03 06:56:06'),
(172, 124, 'Kacey Becker', 'Facere delectus voluptas aut ducimus eos. Illo unde rem ut consequatur esse ullam. Voluptatem dolores doloremque facere sit eos. Saepe mollitia illum maiores labore sunt.', 5, '2018-12-03 06:56:06', '2018-12-03 06:56:06'),
(173, 63, 'Gay Kutch', 'Vel blanditiis aut sit et. Repudiandae voluptatibus et aperiam. Est dolore et similique iure illo rerum ipsum. Quam animi id sapiente placeat nesciunt et sit mollitia. Vel eaque hic rem tempora aut deserunt quibusdam.', 5, '2018-12-03 06:56:06', '2018-12-03 06:56:06'),
(174, 138, 'Dr. Cassidy Leannon Sr.', 'Molestiae illo consequatur hic dignissimos. Asperiores quae in dolor est.', 0, '2018-12-03 06:56:06', '2018-12-03 06:56:06'),
(175, 139, 'Murphy Greenfelder', 'Numquam repellendus ut rem. Possimus vel odio cum omnis dolores. Facere debitis sit dolorum alias vel. Autem illo voluptas voluptatum placeat exercitationem esse deserunt iure.', 3, '2018-12-03 06:56:06', '2018-12-03 06:56:06'),
(176, 52, 'Prof. Kraig Jones', 'Quo aliquid vel aperiam debitis rerum quod nihil impedit. Qui et consequuntur neque. Cumque ut at in ullam.', 2, '2018-12-03 06:56:06', '2018-12-03 06:56:06'),
(177, 107, 'Prof. Tatyana Price', 'Ipsam qui et possimus voluptas dolorum pariatur. Accusantium quo quia qui aspernatur. Optio consectetur vero nihil. Tenetur voluptas saepe omnis quo.', 4, '2018-12-03 06:56:06', '2018-12-03 06:56:06'),
(178, 60, 'Houston Spinka', 'Et porro deserunt consequatur. Fuga nesciunt reprehenderit alias molestiae accusantium illum amet atque. Hic asperiores ad aut ipsam repellat consequatur.', 3, '2018-12-03 06:56:06', '2018-12-03 06:56:06'),
(179, 107, 'Mazie Pollich', 'Est vel id reiciendis est rem qui. Nihil corporis recusandae minus laborum.', 2, '2018-12-03 06:56:06', '2018-12-03 06:56:06'),
(180, 92, 'Prof. Micah Buckridge MD', 'Tenetur rerum quae fugiat molestias omnis. Illum mollitia est tempore voluptas facere explicabo fugit vero. Fugiat rerum omnis nisi quo. Corporis autem fugiat tempora maxime sed ab. Architecto et laborum totam dolor earum dolorem delectus.', 1, '2018-12-03 06:56:06', '2018-12-03 06:56:06'),
(181, 46, 'D\'angelo Schneider', 'Porro et ea quas velit iste deleniti. Sit amet voluptatem sint ut. Dolorem non quae quo qui consequatur vitae optio veniam.', 0, '2018-12-03 06:56:06', '2018-12-03 06:56:06'),
(182, 51, 'Prof. Cordie Lynch', 'Culpa maiores illo eius veniam sunt suscipit qui. Voluptatem perferendis sit possimus ut. Illo reprehenderit consectetur ut aut. Optio ut quaerat earum similique itaque corrupti.', 2, '2018-12-03 06:56:06', '2018-12-03 06:56:06'),
(183, 150, 'Javonte Johns', 'Quasi esse facere quidem non architecto. Eveniet minima repellat vel ipsa laboriosam ratione. Labore enim quia maiores beatae. Voluptas quod doloremque ab aperiam nulla quia.', 3, '2018-12-03 06:56:07', '2018-12-03 06:56:07'),
(184, 74, 'Mrs. Mallie Moore', 'Veniam labore aliquam assumenda voluptatum ipsum blanditiis. Ducimus repudiandae et soluta. Voluptatem iure animi consequatur asperiores necessitatibus voluptas adipisci enim. Temporibus et doloremque quo earum.', 2, '2018-12-03 06:56:07', '2018-12-03 06:56:07'),
(185, 96, 'Daniela Willms Sr.', 'Corporis eveniet officia ipsum a qui et. Debitis rem exercitationem amet nihil explicabo eum. Molestiae accusantium temporibus autem accusamus quis perferendis. Nulla voluptas aut et architecto ad.', 5, '2018-12-03 06:56:07', '2018-12-03 06:56:07'),
(186, 114, 'Dr. Jaylen Schulist Jr.', 'Magni impedit dolore consectetur vitae aperiam et similique. Impedit et vero adipisci vero ea. Id reiciendis dicta quia architecto ut. Nihil est at esse eum et.', 1, '2018-12-03 06:56:07', '2018-12-03 06:56:07'),
(187, 64, 'Brannon Legros PhD', 'Qui pariatur ea iure aut officiis. Est vel necessitatibus deleniti similique ut. Adipisci accusamus et eos in a sed et.', 2, '2018-12-03 06:56:07', '2018-12-03 06:56:07'),
(188, 55, 'Mrs. Neha Lubowitz Jr.', 'In voluptatem tempore beatae eaque similique autem molestiae. Itaque eaque ex dolor odio possimus provident illum. Ut voluptatem iusto sunt aut doloremque.', 1, '2018-12-03 06:56:07', '2018-12-03 06:56:07'),
(189, 21, 'Mr. Earl Reichert', 'Et aperiam esse facere facilis. Consequatur sed aliquam et. Quae optio error praesentium sunt aut reprehenderit. Earum et deleniti hic adipisci nobis veritatis.', 2, '2018-12-03 06:56:07', '2018-12-03 06:56:07'),
(190, 74, 'Miss Adele Auer', 'Harum rerum corporis dolor enim neque cumque. Dolorum natus quis sapiente earum. Quam at id ab ab libero.', 1, '2018-12-03 06:56:07', '2018-12-03 06:56:07'),
(191, 6, 'Schuyler Wisoky DDS', 'Mollitia qui molestias voluptas ipsam architecto. Distinctio asperiores perspiciatis totam incidunt voluptas laborum. Aut aut eligendi dicta excepturi consequuntur ipsum. At fuga modi at sit.', 3, '2018-12-03 06:56:07', '2018-12-03 06:56:07'),
(192, 116, 'Oda Robel', 'Adipisci accusamus et quas dolore saepe. Ullam quo voluptatem aperiam blanditiis. Soluta ullam nostrum eaque voluptatem impedit enim officiis dolorum.', 4, '2018-12-03 06:56:07', '2018-12-03 06:56:07'),
(193, 56, 'Dr. Mohamed Cremin I', 'Eos et nihil ipsa excepturi minus. Quisquam molestiae placeat fugiat et repudiandae dolorem libero.', 4, '2018-12-03 06:56:07', '2018-12-03 06:56:07'),
(194, 121, 'Kiel Schneider', 'Earum eaque sapiente a nobis. Commodi est eveniet odit et explicabo incidunt. In molestias at et maiores et.', 2, '2018-12-03 06:56:07', '2018-12-03 06:56:07'),
(195, 60, 'Camden Hudson', 'Libero quibusdam vitae hic magni facere. Est veritatis pariatur provident voluptatum. Quo repudiandae at occaecati quo natus soluta enim. Ipsam nam ut ducimus ex qui possimus pariatur perferendis.', 4, '2018-12-03 06:56:07', '2018-12-03 06:56:07'),
(196, 13, 'Newton Parisian', 'Quis non ipsa magni tempora quas deserunt. Est est maxime sapiente eaque sed. Voluptatum fugit quam ad itaque in nam.', 2, '2018-12-03 06:56:07', '2018-12-03 06:56:07'),
(197, 58, 'Chesley Nolan', 'Laboriosam laborum exercitationem at aliquid ea veniam placeat. Qui architecto et error voluptate qui eius. Id doloribus mollitia quo quis tenetur consectetur aliquam.', 2, '2018-12-03 06:56:07', '2018-12-03 06:56:07'),
(198, 115, 'Dr. Kenya Weber', 'Magni vel sed repellat. Deleniti impedit voluptates optio. Qui cum recusandae debitis sit sit ex culpa. Facilis voluptas eveniet rerum repellat voluptates quia.', 2, '2018-12-03 06:56:07', '2018-12-03 06:56:07'),
(199, 87, 'Colin Braun', 'Est voluptas dolores illum ipsum rerum odit vel. Tenetur similique nobis aut qui. Maxime tempore deleniti est quia quam incidunt sint suscipit. Corporis hic enim voluptatibus et nobis nisi doloribus.', 4, '2018-12-03 06:56:07', '2018-12-03 06:56:07'),
(200, 20, 'Ashton Mann', 'Nulla dicta maxime consequatur sunt. Laboriosam eaque repellendus nihil. Qui hic et praesentium inventore odio aliquam.', 5, '2018-12-03 06:56:07', '2018-12-03 06:56:07'),
(201, 84, 'Katelyn Wilderman', 'Quia delectus quod quia aspernatur fugiat maiores nisi. Dolor architecto error in dolores. Non autem reiciendis culpa. Quo exercitationem aut inventore quis quia quia.', 5, '2018-12-03 06:56:07', '2018-12-03 06:56:07'),
(202, 132, 'Ms. Santina Bogan', 'Et maiores voluptates iure non eum. Et aliquam qui consequatur expedita similique fuga rerum. Iste animi sed praesentium illum non. Laboriosam itaque vel iure ut unde.', 1, '2018-12-03 06:56:08', '2018-12-03 06:56:08'),
(203, 16, 'Elva Leffler', 'Ut repellat dolore ex odio. Cum officia sunt vel tempore iure fugit ut. Optio aut id et sint nostrum non. Saepe ut laudantium rem tempore.', 5, '2018-12-03 06:56:08', '2018-12-03 06:56:08'),
(204, 11, 'Yvonne Terry', 'Nisi et unde laboriosam et qui unde pariatur iure. Reiciendis cumque atque doloribus ut ipsum. Nemo recusandae magni eligendi placeat. Non labore et ut provident ad et.', 0, '2018-12-03 06:56:08', '2018-12-03 06:56:08'),
(205, 76, 'Bernie Christiansen IV', 'Aperiam dolor saepe voluptas iure natus voluptate enim. Aut ea nihil necessitatibus labore aspernatur amet. Culpa non vel voluptatem illum. Sapiente sit quibusdam vitae nihil nisi repellendus.', 5, '2018-12-03 06:56:08', '2018-12-03 06:56:08'),
(206, 38, 'Oscar Tillman', 'Soluta ratione neque natus. Aut sed accusantium saepe error. Consequatur et excepturi ea dolorum.', 5, '2018-12-03 06:56:08', '2018-12-03 06:56:08'),
(207, 77, 'Mrs. Kellie Spinka PhD', 'Dolor et cumque quibusdam qui ducimus. Accusantium quis iste rem porro velit. Corporis cum nemo et nostrum fuga qui pariatur. Expedita cumque itaque autem hic quia dolores.', 4, '2018-12-03 06:56:08', '2018-12-03 06:56:08');
INSERT INTO `reviews` (`id`, `product_id`, `customer`, `review`, `star`, `created_at`, `updated_at`) VALUES
(208, 36, 'Emmanuel Toy', 'Accusantium qui voluptatibus corrupti expedita. Voluptatibus reiciendis sint eos. Laborum dolorem fugiat enim sint voluptas aliquid qui. Commodi aut dolor fugit asperiores omnis voluptas.', 1, '2018-12-03 06:56:08', '2018-12-03 06:56:08'),
(209, 133, 'Madie Heidenreich', 'Odit velit nihil cumque dolorum sed omnis. Accusantium dolor omnis pariatur qui nesciunt. Et adipisci sint beatae non rerum. Suscipit laudantium aspernatur deleniti voluptatem qui ipsam. Odit voluptatem occaecati corrupti in ducimus vel consequatur.', 2, '2018-12-03 06:56:08', '2018-12-03 06:56:08'),
(210, 45, 'Mr. Cicero Donnelly Jr.', 'Consequatur voluptate pariatur autem. Architecto nihil eos quisquam. Sunt maiores et ut natus.', 1, '2018-12-03 06:56:08', '2018-12-03 06:56:08'),
(211, 130, 'Dr. Dan Beahan V', 'Iusto autem velit at quae aliquid. Ut inventore unde minus necessitatibus. Nam ex expedita et maxime. Quia labore reiciendis repellendus. In quam alias sit nesciunt.', 3, '2018-12-03 06:56:08', '2018-12-03 06:56:08'),
(212, 59, 'Mrs. Victoria O\'Hara III', 'Eum cum non dignissimos quod magnam dolor. Autem alias enim sint. Praesentium voluptates sint nemo cum odit delectus ratione.', 1, '2018-12-03 06:56:08', '2018-12-03 06:56:08'),
(213, 81, 'Isabelle Price PhD', 'Ab soluta nostrum ut aut commodi iusto. Maiores id quia voluptas et quos aspernatur aut. Magnam rerum aperiam tempore autem. Ad consequuntur sed et facilis voluptas nulla.', 4, '2018-12-03 06:56:08', '2018-12-03 06:56:08'),
(214, 5, 'Waldo Rosenbaum', 'Dicta sint tempora ullam laudantium corporis et vitae. Vero molestiae delectus impedit esse explicabo voluptas. Architecto quibusdam et ea culpa. Tempore quaerat laudantium aliquid.', 1, '2018-12-03 06:56:08', '2018-12-03 06:56:08'),
(215, 44, 'Nedra Jacobi', 'Assumenda animi adipisci officiis sint maxime. Sed blanditiis laudantium iste voluptatibus. Commodi dolor est quisquam adipisci natus.', 5, '2018-12-03 06:56:08', '2018-12-03 06:56:08'),
(216, 50, 'Mr. Korbin Breitenberg Sr.', 'Esse vel consequatur quo. Voluptas nihil sunt dolorem aut qui distinctio iste. Vitae vero iste non quisquam velit autem. Sapiente in velit qui earum at provident.', 2, '2018-12-03 06:56:08', '2018-12-03 06:56:08'),
(217, 111, 'Lilliana Flatley V', 'Voluptatem nobis enim qui dolor repudiandae aliquam doloremque. Voluptas non illum temporibus aut ipsa.', 4, '2018-12-03 06:56:08', '2018-12-03 06:56:08'),
(218, 62, 'Anais Ullrich', 'Dolore porro veritatis aliquid ab. Ratione sit autem temporibus. Quia id est et dolor.', 1, '2018-12-03 06:56:08', '2018-12-03 06:56:08'),
(219, 35, 'Golda Strosin', 'Rerum quis beatae voluptate quia molestias nostrum. Quis dicta aut reprehenderit cupiditate esse aperiam. Officia et facilis architecto officiis et et est rerum. Molestias fugit laudantium odit maxime minima enim.', 1, '2018-12-03 06:56:08', '2018-12-03 06:56:08'),
(220, 128, 'Adah Padberg', 'Est labore in error similique. Dolores ut et laborum aut assumenda vel sapiente. Itaque animi cupiditate dolorem libero.', 2, '2018-12-03 06:56:08', '2018-12-03 06:56:08'),
(221, 140, 'Dale Dare', 'Laudantium dolor alias quia quidem. Dolor sequi vitae enim et blanditiis dicta. Voluptatem deserunt debitis quia qui officia eum. Modi eius deserunt iure voluptate. Esse sed eius consequatur asperiores necessitatibus autem.', 1, '2018-12-03 06:56:09', '2018-12-03 06:56:09'),
(222, 87, 'Elvis Bailey V', 'Alias et sint ut autem et sit amet. Quam sit quis deserunt iure minima. Aspernatur quos aperiam autem est. Delectus tempora eos velit et fugit eaque.', 4, '2018-12-03 06:56:09', '2018-12-03 06:56:09'),
(223, 27, 'Miss Ashly Hilpert IV', 'Odit voluptatem laborum qui libero. Sed impedit numquam et velit. Maxime quibusdam recusandae laboriosam velit quia minima.', 0, '2018-12-03 06:56:09', '2018-12-03 06:56:09'),
(224, 19, 'Ms. Herminia Kuvalis', 'Nemo a reprehenderit corrupti sint natus cupiditate consectetur. Facilis non nam beatae omnis quod. Est voluptate cumque dolorem.', 4, '2018-12-03 06:56:09', '2018-12-03 06:56:09'),
(225, 87, 'Mrs. Alanis Lang DDS', 'Soluta illum minus unde modi aliquam. Sed magnam praesentium nostrum quia amet. Voluptate officia aut molestiae veritatis.', 2, '2018-12-03 06:56:09', '2018-12-03 06:56:09'),
(226, 74, 'Jaleel Lindgren', 'Quia temporibus ut sunt aut nemo totam delectus. Ut id libero id. Id saepe vitae ullam sed. Sed exercitationem laborum nulla consequatur. Autem hic iure tenetur veniam numquam magnam.', 2, '2018-12-03 06:56:09', '2018-12-03 06:56:09'),
(227, 107, 'Horacio Pollich', 'Ullam molestias explicabo dolor. Dolor nihil non aut laudantium modi.', 5, '2018-12-03 06:56:09', '2018-12-03 06:56:09'),
(228, 35, 'Dr. Alec Kris IV', 'Qui voluptatem dolorum saepe debitis necessitatibus unde natus. Facilis a praesentium odio voluptatum et. Consequatur qui modi mollitia magni aut at autem modi. Harum dolores quos culpa consequuntur.', 0, '2018-12-03 06:56:09', '2018-12-03 06:56:09'),
(229, 63, 'Nia Lowe', 'Deleniti ex officia est. Quia delectus et sit et voluptates dolor aut. Temporibus sint non consequuntur dignissimos illum. Unde commodi libero deleniti voluptas quis libero omnis.', 5, '2018-12-03 06:56:09', '2018-12-03 06:56:09'),
(230, 120, 'Ms. Caitlyn DuBuque', 'Repellendus laborum impedit in est. Impedit nihil neque cumque quaerat est possimus. Nisi dolor at exercitationem.', 5, '2018-12-03 06:56:09', '2018-12-03 06:56:09'),
(231, 92, 'Sydnie Miller II', 'Eius rem quos sed molestiae pariatur. Eos sunt consequatur sapiente voluptatem autem nemo debitis eos. Dicta itaque ullam sed molestiae nisi eos iusto quidem. Ut omnis nam nesciunt.', 1, '2018-12-03 06:56:09', '2018-12-03 06:56:09'),
(232, 16, 'Robert Willms', 'Voluptatem illum non omnis ut recusandae molestiae culpa. Ea ut nobis quos voluptatum. Recusandae quaerat eos commodi et eaque qui vel.', 4, '2018-12-03 06:56:09', '2018-12-03 06:56:09'),
(233, 129, 'Aniyah Hyatt', 'Vero iure repellendus repellat. Ab fugit tempore itaque dicta adipisci est. Tempora aut voluptatem optio tempore eaque laboriosam blanditiis. Earum qui aliquid distinctio nemo aut voluptates.', 5, '2018-12-03 06:56:09', '2018-12-03 06:56:09'),
(234, 114, 'Kameron Olson', 'Repellendus enim eum debitis sed animi. Corporis enim laudantium beatae quo laborum ab. Ipsa sequi id voluptas ad id. Dolore aut itaque et.', 0, '2018-12-03 06:56:09', '2018-12-03 06:56:09'),
(235, 75, 'Cordell Eichmann', 'Molestiae non voluptate quia ratione blanditiis impedit sed. Et nostrum facilis incidunt rem voluptatem ut adipisci.', 4, '2018-12-03 06:56:09', '2018-12-03 06:56:09'),
(236, 92, 'Miss Ofelia Legros I', 'Est et alias nostrum placeat voluptatem quam pariatur. Necessitatibus consequuntur in ab molestias hic. Ut necessitatibus dolorum officia atque nulla.', 3, '2018-12-03 06:56:09', '2018-12-03 06:56:09'),
(237, 14, 'Dr. Evan Abernathy', 'Iusto fuga quas quis iusto ut. Numquam molestias quos sint magni eum tempora omnis aut. Omnis cupiditate expedita nesciunt voluptatum quis amet.', 0, '2018-12-03 06:56:09', '2018-12-03 06:56:09'),
(238, 64, 'Miss Raina Williamson IV', 'Alias veritatis et commodi eos unde. Hic ipsam expedita est molestiae. Amet totam in modi fuga ab repellat. Incidunt aut et quam dolores voluptas nobis sit qui.', 2, '2018-12-03 06:56:09', '2018-12-03 06:56:09'),
(239, 129, 'Ruth Schimmel', 'Quos ipsam est voluptas quis enim pariatur fuga qui. Nulla dolorem aut cumque. Consectetur perferendis sit cupiditate ipsum non ea iure.', 0, '2018-12-03 06:56:09', '2018-12-03 06:56:09'),
(240, 92, 'Tony Buckridge', 'Optio maiores earum et fugiat maxime est voluptatibus. Ab soluta ab similique veritatis nihil nihil repudiandae. Consequatur non vel qui ut et ipsum iusto.', 2, '2018-12-03 06:56:09', '2018-12-03 06:56:09'),
(241, 64, 'Harry Borer', 'Molestiae sint totam accusamus qui. Et et et ea vel dolor aut omnis et. Ea pariatur veritatis molestiae in quia magni similique.', 1, '2018-12-03 06:56:09', '2018-12-03 06:56:09'),
(242, 26, 'Mrs. Angela McKenzie IV', 'Dolor voluptatem unde rerum corporis excepturi maxime. Quasi rerum ut alias molestiae ut. Impedit dolores facilis autem vero. Occaecati dolores qui soluta voluptas amet. Facilis vel aut aperiam quam consectetur.', 3, '2018-12-03 06:56:09', '2018-12-03 06:56:09'),
(243, 125, 'Prof. Dale Bartoletti IV', 'Quis ut et numquam dolor ullam molestiae. Quos non sed voluptates est et omnis. Rerum minus aliquid voluptas ut impedit dolores nihil fugit. Vel nostrum ratione eaque quam ipsam molestias itaque porro.', 4, '2018-12-03 06:56:09', '2018-12-03 06:56:09'),
(244, 70, 'Geoffrey Collier', 'Sapiente quo magni omnis repellat id odit. Dignissimos sit et dolores aliquid ratione quisquam. Eius reiciendis consequatur optio veniam non cumque voluptatem soluta. Nulla cumque illum harum voluptatem minus sed.', 2, '2018-12-03 06:56:09', '2018-12-03 06:56:09'),
(245, 18, 'Prof. Melvin McLaughlin', 'Consequuntur voluptas fugit eos ut eum vitae corrupti. Quasi voluptatem ipsum libero qui quis. Nobis dicta amet voluptatum et modi perferendis quo.', 1, '2018-12-03 06:56:09', '2018-12-03 06:56:09'),
(246, 149, 'Hudson Runolfsdottir DVM', 'Sint voluptatem quia quis totam. Laboriosam consequatur sunt culpa officia. Et sequi dolores rem qui ut omnis numquam. Quibusdam dolor ipsum voluptate sapiente ea.', 4, '2018-12-03 06:56:09', '2018-12-03 06:56:09'),
(247, 28, 'Amara Bernhard', 'Voluptatem labore qui voluptatem reiciendis sint sed et. Voluptatem quod quas quam recusandae unde reiciendis consectetur. Fugiat perspiciatis facilis ratione repudiandae aperiam voluptatum. Modi et rerum non quia laborum.', 5, '2018-12-03 06:56:10', '2018-12-03 06:56:10'),
(248, 100, 'Laurence Macejkovic', 'Reprehenderit aperiam earum ut odit provident rem id. Animi vitae eius minus est animi quia. Blanditiis voluptatem quis aut ut soluta.', 4, '2018-12-03 06:56:10', '2018-12-03 06:56:10'),
(249, 32, 'Vernice Weber', 'Quo magnam sit et sit. Quia minus illum autem rem sit reprehenderit qui. Itaque vero et aut et consectetur reprehenderit.', 4, '2018-12-03 06:56:10', '2018-12-03 06:56:10'),
(250, 41, 'Ivory McGlynn', 'Maxime fuga et et eos id eum quas impedit. Id sit assumenda molestias quae dolor quis officia quidem. Eligendi delectus perspiciatis nobis saepe maiores omnis ab. Deleniti et assumenda recusandae eaque beatae necessitatibus natus doloremque.', 1, '2018-12-03 06:56:10', '2018-12-03 06:56:10'),
(251, 120, 'Leopold Bogisich I', 'Corrupti blanditiis rem nisi culpa sed sit in. Minus sint id ut architecto eum. Dicta non quam et officia ut. Corporis quo unde voluptatibus ad. Ab qui delectus maiores iure tempore ab eaque.', 1, '2018-12-03 06:56:10', '2018-12-03 06:56:10'),
(252, 3, 'Augusta Moore', 'Est iure in iure. Vero ex nihil qui autem libero dolorum similique. Nihil aut ut enim molestias ut. A delectus quas quis distinctio quo consectetur.', 5, '2018-12-03 06:56:10', '2018-12-03 06:56:10'),
(253, 114, 'Kariane Nicolas', 'Nam voluptatem rem dicta doloribus ipsa minus. Maiores nostrum qui laborum recusandae repellat assumenda voluptatem voluptatum. Vitae expedita inventore molestiae sed fuga perspiciatis atque.', 1, '2018-12-03 06:56:10', '2018-12-03 06:56:10'),
(254, 33, 'Kaylee Swift', 'Animi sint ut quam sunt autem veniam. Velit odit quo ut voluptatem. Exercitationem officiis ipsa laudantium asperiores non autem earum. Earum dolorem laborum nihil iusto fugit.', 1, '2018-12-03 06:56:10', '2018-12-03 06:56:10'),
(255, 69, 'Gia Schuster', 'Quod quod sed magni. Asperiores vitae ut qui corporis magnam neque ipsum. Magnam quia ut vitae soluta magnam debitis sed placeat.', 4, '2018-12-03 06:56:10', '2018-12-03 06:56:10'),
(256, 104, 'Miss Lura Brown II', 'Pariatur sequi saepe voluptate non et quo suscipit dolores. Sed cumque quis repudiandae harum consequatur. Labore et molestiae accusamus sequi delectus sit illo.', 5, '2018-12-03 06:56:10', '2018-12-03 06:56:10'),
(257, 148, 'Otho Reinger', 'Debitis et perferendis eligendi possimus explicabo impedit excepturi at. Asperiores non sint velit qui cumque ut cum numquam. Sed ea debitis autem cupiditate assumenda sequi. Occaecati in aliquid ut fugiat assumenda cupiditate eum.', 1, '2018-12-03 06:56:10', '2018-12-03 06:56:10'),
(258, 45, 'Valentina Witting', 'Dolorem nihil hic omnis. Quae aut tempore doloribus cum et in. Dolorum maiores fugiat occaecati nisi eum fugit qui. Odio enim quis provident mollitia laborum repellat facere consequatur.', 4, '2018-12-03 06:56:10', '2018-12-03 06:56:10'),
(259, 21, 'Sister Hahn', 'Laborum corrupti ut veniam culpa dolores qui id. Ea eos adipisci doloribus at nulla sint. Et fugiat consectetur sapiente maxime quis occaecati. Reprehenderit assumenda quaerat voluptatem sed.', 2, '2018-12-03 06:56:10', '2018-12-03 06:56:10'),
(260, 25, 'Raoul Auer DDS', 'Modi aperiam hic facilis ut quos expedita odio. Vero sint veritatis voluptatum qui et totam.', 1, '2018-12-03 06:56:11', '2018-12-03 06:56:11'),
(261, 144, 'Aric Weber', 'Aut rerum sunt voluptatem. Et omnis mollitia harum doloribus tenetur quidem autem. Saepe sed consequatur quod dolores est. Sed debitis consectetur corporis dolorem. Consectetur molestiae autem dolores molestias aliquam error sapiente.', 3, '2018-12-03 06:56:11', '2018-12-03 06:56:11'),
(262, 59, 'Reilly Labadie', 'Voluptas aut incidunt accusantium sint. Id tempora qui est dolorum ullam culpa. Et illum dolorem et illum. Architecto et incidunt voluptatem atque eos qui vel.', 2, '2018-12-03 06:56:11', '2018-12-03 06:56:11'),
(263, 48, 'Mariana Rodriguez', 'Tempore voluptas tenetur sed ipsum qui odit dolorem. Ipsa non non amet libero.', 4, '2018-12-03 06:56:11', '2018-12-03 06:56:11'),
(264, 19, 'Earlene Parker', 'Est vitae neque qui ut. Dolores consequatur rerum aut et nemo. Nulla nisi possimus magni. Numquam aperiam omnis reprehenderit cupiditate.', 4, '2018-12-03 06:56:11', '2018-12-03 06:56:11'),
(265, 73, 'Mr. Trystan Bailey Sr.', 'Est perspiciatis qui recusandae neque ut saepe. Ut temporibus occaecati iusto fugiat nesciunt. Ipsum qui natus quam dolores non blanditiis.', 1, '2018-12-03 06:56:11', '2018-12-03 06:56:11'),
(266, 136, 'Leanne Kemmer', 'Molestiae alias accusantium laboriosam deserunt. Amet blanditiis sunt facilis perspiciatis expedita ut ab. Et cum fuga libero eum cumque esse totam quo.', 0, '2018-12-03 06:56:11', '2018-12-03 06:56:11'),
(267, 41, 'Isaac Hermiston', 'Saepe exercitationem odio aut aut. Quasi ut laboriosam officia dolores.', 5, '2018-12-03 06:56:11', '2018-12-03 06:56:11'),
(268, 70, 'Antone Goldner', 'Sapiente beatae aut est deleniti perferendis. Eum deserunt dolorem rerum voluptas maiores molestias tenetur. Aspernatur sint nisi et ratione cum et rerum.', 3, '2018-12-03 06:56:11', '2018-12-03 06:56:11'),
(269, 64, 'Madelyn Mosciski', 'Neque tempore quia eum tempora. Quia maiores ipsum nesciunt accusantium quas. Quidem eius enim similique perferendis excepturi assumenda sed.', 3, '2018-12-03 06:56:11', '2018-12-03 06:56:11'),
(270, 27, 'Jacey Becker', 'Incidunt et culpa magni consectetur rem unde. Rerum laudantium consequatur aut reiciendis ea porro quidem. Eaque id vel ullam nemo et molestiae. Et aut quidem voluptatem illo inventore repellendus nesciunt.', 3, '2018-12-03 06:56:11', '2018-12-03 06:56:11'),
(271, 50, 'Timmy Koch', 'Id illo ipsa qui est ex. Sint dolor ullam tempore magni qui magni quasi mollitia. Ut quia et nemo incidunt.', 1, '2018-12-03 06:56:11', '2018-12-03 06:56:11'),
(272, 82, 'Mrs. Juliana Mills', 'Excepturi ea quia ipsa delectus quas. Ut voluptatem ratione vel atque. Dolorum voluptas qui qui vitae doloribus natus.', 2, '2018-12-03 06:56:11', '2018-12-03 06:56:11'),
(273, 49, 'Dr. Isadore Gleason', 'Autem laboriosam vero est. Culpa ut maxime ea ut tempore consequatur consequuntur commodi. Est ea mollitia nihil debitis.', 0, '2018-12-03 06:56:11', '2018-12-03 06:56:11'),
(274, 127, 'Shaina Douglas', 'Cum aliquid sunt ducimus et aliquid enim totam consectetur. Nostrum necessitatibus aut commodi eos praesentium provident. In pariatur pariatur mollitia officia deleniti. Quis eum quas quaerat magnam et aspernatur aperiam.', 1, '2018-12-03 06:56:11', '2018-12-03 06:56:11'),
(275, 19, 'Gavin Windler DVM', 'Voluptas iste cupiditate saepe omnis et. Voluptatem sequi perferendis quos voluptatem ducimus. Ea omnis nobis aliquid voluptatum. Distinctio officia ad quod et et sint.', 1, '2018-12-03 06:56:11', '2018-12-03 06:56:11'),
(276, 103, 'Broderick Hahn', 'Dolore nobis incidunt et est. Voluptate ullam tempore modi nulla laborum. Vel omnis voluptates corrupti rerum placeat. Qui sapiente soluta illo quaerat fugit.', 4, '2018-12-03 06:56:11', '2018-12-03 06:56:11'),
(277, 96, 'Janis Corkery DVM', 'Nam tenetur reiciendis dolor necessitatibus odio fuga. Est eius voluptatem molestiae ut corrupti asperiores. Amet atque temporibus minima natus aut quasi.', 5, '2018-12-03 06:56:11', '2018-12-03 06:56:11'),
(278, 82, 'Ardella Gusikowski', 'Aut quia aut ab aperiam qui in. Distinctio sequi eligendi cumque quo a. Praesentium rerum odit quibusdam veniam est rerum minima. Nihil libero quo laudantium itaque.', 3, '2018-12-03 06:56:11', '2018-12-03 06:56:11'),
(279, 26, 'Dr. Darrick Cummings', 'Unde aperiam commodi suscipit velit aut vero vel. Accusamus nihil cum nesciunt tempora et et et. Repellendus repellat doloremque provident doloribus. Eligendi voluptatem est qui vel et.', 1, '2018-12-03 06:56:11', '2018-12-03 06:56:11'),
(280, 148, 'Sigmund Klocko I', 'Ea in pariatur iusto voluptas reprehenderit excepturi modi cumque. Omnis quos quia sint. Error impedit quas repellendus in nesciunt voluptatem dignissimos voluptatem.', 1, '2018-12-03 06:56:11', '2018-12-03 06:56:11'),
(281, 26, 'Ms. Gladys Rempel', 'Maiores voluptatem qui autem eos eligendi. Sed beatae error veritatis ipsum velit dolorem enim. Nesciunt sit et et omnis et est et. Eaque consequatur rerum voluptatem rem et pariatur perferendis nobis. Et et minima non molestias iste.', 5, '2018-12-03 06:56:11', '2018-12-03 06:56:11'),
(282, 19, 'Lexus Goodwin', 'Voluptas asperiores incidunt ullam sequi quia magni. Omnis aut vel ea asperiores corrupti delectus. Fugiat molestias ut tempore eaque ea distinctio eligendi tenetur. Omnis sapiente asperiores tempore est nobis nihil error doloribus.', 2, '2018-12-03 06:56:12', '2018-12-03 06:56:12'),
(283, 84, 'Elian Hegmann II', 'Voluptates tempore doloribus et nesciunt numquam magnam laboriosam. Voluptatum quas quam est esse. Corrupti porro id consectetur ut dignissimos rem voluptates ut. Temporibus nesciunt quia perferendis fugiat sed.', 3, '2018-12-03 06:56:12', '2018-12-03 06:56:12'),
(284, 82, 'Kareem Walsh', 'Id et blanditiis explicabo qui sed. Qui consectetur nemo fuga sunt soluta earum quos eaque. Ad a nulla ut placeat fuga eos officiis. Id quis sit consequatur minima consequatur et.', 2, '2018-12-03 06:56:12', '2018-12-03 06:56:12'),
(285, 71, 'Miss Graciela Haley V', 'Autem incidunt quos impedit. Adipisci placeat qui nostrum eos ut dignissimos quaerat alias. In non reprehenderit exercitationem unde velit quia. Quia expedita autem dolor alias dolorem.', 4, '2018-12-03 06:56:12', '2018-12-03 06:56:12'),
(286, 17, 'Miss Eloisa Davis', 'Dolore omnis dolorem sunt omnis repellat aliquid. Impedit qui ab modi id commodi. At consequatur sapiente nostrum. Voluptas reprehenderit eos perspiciatis doloribus repellat officia.', 3, '2018-12-03 06:56:12', '2018-12-03 06:56:12'),
(287, 49, 'Nola Grant', 'Qui et quaerat aut temporibus sed blanditiis. Ea enim eveniet autem qui dolorum.', 1, '2018-12-03 06:56:12', '2018-12-03 06:56:12'),
(288, 3, 'Mr. Darren Turner I', 'Voluptatem quidem non necessitatibus nesciunt officia ad earum. Non qui id sed et at odit quam. Ipsum ut nihil ad aperiam animi et.', 3, '2018-12-03 06:56:12', '2018-12-03 06:56:12'),
(289, 145, 'Estefania Kessler', 'Facere ratione vero alias. Quia illo perferendis doloremque. Ipsam praesentium non voluptatem aut.', 3, '2018-12-03 06:56:12', '2018-12-03 06:56:12'),
(290, 132, 'Dr. Cecil Schaefer', 'Officiis nemo eius sed non voluptates ducimus porro. Impedit vel incidunt eveniet voluptatum odit et necessitatibus dicta. Incidunt esse sequi quas quia quis dolor.', 2, '2018-12-03 06:56:12', '2018-12-03 06:56:12'),
(291, 84, 'Clifton Corwin Jr.', 'Sequi ipsam voluptatem nesciunt quibusdam tenetur et. Aut qui omnis exercitationem veniam vel voluptates. Sed aspernatur exercitationem aut aut labore.', 3, '2018-12-03 06:56:12', '2018-12-03 06:56:12'),
(292, 82, 'Harmon DuBuque DDS', 'Deserunt nobis est beatae enim. Maiores optio id aperiam quaerat. Est iste aut accusantium et. Rem maiores explicabo neque explicabo sed.', 3, '2018-12-03 06:56:12', '2018-12-03 06:56:12'),
(293, 99, 'Dr. Bennie O\'Reilly', 'Quae molestias sunt totam quia. Iure quisquam ut minima consequatur assumenda. Esse saepe molestias iure consequatur ipsam harum.', 0, '2018-12-03 06:56:12', '2018-12-03 06:56:12'),
(294, 34, 'Kendra Kuhlman', 'Sed impedit incidunt cupiditate at deleniti sed aliquid. Enim consequatur aut et repellat excepturi iusto assumenda. Numquam nesciunt corrupti est veritatis.', 1, '2018-12-03 06:56:12', '2018-12-03 06:56:12'),
(295, 26, 'Mr. Damien Murphy', 'Eum excepturi natus perferendis accusamus aut dolor. Aut repellat quidem qui. Dolores eveniet mollitia ea corporis nihil. Nulla delectus et iste iure sint quibusdam.', 4, '2018-12-03 06:56:12', '2018-12-03 06:56:12'),
(296, 72, 'Winfield Gislason Jr.', 'Ut animi totam voluptatem error veritatis praesentium et nulla. Aliquam fugit adipisci ad architecto fugit. Et nemo libero libero quas.', 2, '2018-12-03 06:56:12', '2018-12-03 06:56:12'),
(297, 4, 'Queen Hayes', 'Provident vitae excepturi nostrum repudiandae eos. Distinctio quasi et magni quia soluta iusto dolorem. Magnam ut ipsa natus sit nulla. Iste dolore assumenda dicta ut quia dolorem. Molestias dolor nam possimus assumenda.', 5, '2018-12-03 06:56:12', '2018-12-03 06:56:12'),
(298, 8, 'Elyse Sauer', 'Molestiae vitae velit voluptatum sequi officia veniam. Enim cum ut voluptatem aliquam hic. Maxime enim non veritatis ratione voluptas. Dolores et adipisci molestias rerum modi quis eveniet.', 0, '2018-12-03 06:56:12', '2018-12-03 06:56:12'),
(299, 36, 'Craig Swift', 'Veniam est voluptatem tenetur in officiis. Culpa quibusdam aut sint rerum explicabo velit. Natus aut vitae porro.', 1, '2018-12-03 06:56:12', '2018-12-03 06:56:12'),
(300, 131, 'Calista Johns', 'Saepe soluta debitis eos. Accusamus et necessitatibus quas delectus accusantium facere. Architecto maxime natus est.', 2, '2018-12-03 06:56:12', '2018-12-03 06:56:12');

-- --------------------------------------------------------

--
-- Table structure for table `users`
--

CREATE TABLE `users` (
  `id` int(10) UNSIGNED NOT NULL,
  `name` varchar(255) COLLATE utf8mb4_unicode_ci NOT NULL,
  `email` varchar(255) COLLATE utf8mb4_unicode_ci NOT NULL,
  `email_verified_at` timestamp NULL DEFAULT NULL,
  `password` varchar(255) COLLATE utf8mb4_unicode_ci NOT NULL,
  `remember_token` varchar(100) COLLATE utf8mb4_unicode_ci DEFAULT NULL,
  `created_at` timestamp NULL DEFAULT NULL,
  `updated_at` timestamp NULL DEFAULT NULL
) ENGINE=InnoDB DEFAULT CHARSET=utf8mb4 COLLATE=utf8mb4_unicode_ci;

--
-- Dumping data for table `users`
--

INSERT INTO `users` (`id`, `name`, `email`, `email_verified_at`, `password`, `remember_token`, `created_at`, `updated_at`) VALUES
(1, 'ahmed soliman', 'ahmeds_link@hotmail.com', NULL, '$2y$10$KBvilNkzjV69dJD3yPw6NOKN4CqDn8oEPbXgMfGxa2esUYchx8JIa', NULL, '2018-12-04 06:15:20', '2018-12-04 06:15:20');

--
-- Indexes for dumped tables
--

--
-- Indexes for table `migrations`
--
ALTER TABLE `migrations`
  ADD PRIMARY KEY (`id`);

--
-- Indexes for table `oauth_access_tokens`
--
ALTER TABLE `oauth_access_tokens`
  ADD PRIMARY KEY (`id`),
  ADD KEY `oauth_access_tokens_user_id_index` (`user_id`);

--
-- Indexes for table `oauth_auth_codes`
--
ALTER TABLE `oauth_auth_codes`
  ADD PRIMARY KEY (`id`);

--
-- Indexes for table `oauth_clients`
--
ALTER TABLE `oauth_clients`
  ADD PRIMARY KEY (`id`),
  ADD KEY `oauth_clients_user_id_index` (`user_id`);

--
-- Indexes for table `oauth_personal_access_clients`
--
ALTER TABLE `oauth_personal_access_clients`
  ADD PRIMARY KEY (`id`),
  ADD KEY `oauth_personal_access_clients_client_id_index` (`client_id`);

--
-- Indexes for table `oauth_refresh_tokens`
--
ALTER TABLE `oauth_refresh_tokens`
  ADD PRIMARY KEY (`id`),
  ADD KEY `oauth_refresh_tokens_access_token_id_index` (`access_token_id`);

--
-- Indexes for table `password_resets`
--
ALTER TABLE `password_resets`
  ADD KEY `password_resets_email_index` (`email`);

--
-- Indexes for table `products`
--
ALTER TABLE `products`
  ADD PRIMARY KEY (`id`);

--
-- Indexes for table `reviews`
--
ALTER TABLE `reviews`
  ADD PRIMARY KEY (`id`),
  ADD KEY `reviews_product_id_index` (`product_id`);

--
-- Indexes for table `users`
--
ALTER TABLE `users`
  ADD PRIMARY KEY (`id`),
  ADD UNIQUE KEY `users_email_unique` (`email`);

--
-- AUTO_INCREMENT for dumped tables
--

--
-- AUTO_INCREMENT for table `migrations`
--
ALTER TABLE `migrations`
  MODIFY `id` int(10) UNSIGNED NOT NULL AUTO_INCREMENT, AUTO_INCREMENT=10;
--
-- AUTO_INCREMENT for table `oauth_clients`
--
ALTER TABLE `oauth_clients`
  MODIFY `id` int(10) UNSIGNED NOT NULL AUTO_INCREMENT, AUTO_INCREMENT=3;
--
-- AUTO_INCREMENT for table `oauth_personal_access_clients`
--
ALTER TABLE `oauth_personal_access_clients`
  MODIFY `id` int(10) UNSIGNED NOT NULL AUTO_INCREMENT, AUTO_INCREMENT=2;
--
-- AUTO_INCREMENT for table `products`
--
ALTER TABLE `products`
  MODIFY `id` int(10) UNSIGNED NOT NULL AUTO_INCREMENT, AUTO_INCREMENT=151;
--
-- AUTO_INCREMENT for table `reviews`
--
ALTER TABLE `reviews`
  MODIFY `id` int(10) UNSIGNED NOT NULL AUTO_INCREMENT, AUTO_INCREMENT=301;
--
-- AUTO_INCREMENT for table `users`
--
ALTER TABLE `users`
  MODIFY `id` int(10) UNSIGNED NOT NULL AUTO_INCREMENT, AUTO_INCREMENT=2;
--
-- Constraints for dumped tables
--

--
-- Constraints for table `reviews`
--
ALTER TABLE `reviews`
  ADD CONSTRAINT `reviews_product_id_foreign` FOREIGN KEY (`product_id`) REFERENCES `products` (`id`) ON DELETE CASCADE;

/*!40101 SET CHARACTER_SET_CLIENT=@OLD_CHARACTER_SET_CLIENT */;
/*!40101 SET CHARACTER_SET_RESULTS=@OLD_CHARACTER_SET_RESULTS */;
/*!40101 SET COLLATION_CONNECTION=@OLD_COLLATION_CONNECTION */;
